"tanggal","max"
"2010-08-01",48.0000
"2010-08-02",57.0000
"2010-08-03",61.0000
"2010-08-04",
"2010-08-05",76.0000
"2010-08-06",60.0000
"2010-08-07",80.0000
"2010-08-08",73.0000
"2010-08-09",77.0000
"2010-08-10",63.0000
"2010-08-11",34.0000
"2010-08-12",27.0000
"2010-08-13",54.0000
"2010-08-14",43.0000
"2010-08-15",53.0000
"2010-08-16",60.0000
"2010-08-17",54.0000
"2010-08-18",74.0000
"2010-08-19",40.0000
"2010-08-20",44.0000
"2010-08-21",52.0000
"2010-08-22",71.0000
"2010-08-23",65.0000
"2010-08-24",51.0000
"2010-08-25",80.0000
"2010-08-26",45.0000
"2010-08-27",49.0000
"2010-08-28",67.0000
"2010-08-29",70.0000
"2010-08-30",57.0000
"2010-08-31",52.0000
"2010-04-01",59.0000
"2010-04-02",88.0000
"2010-04-03",37.0000
"2010-04-04",39.0000
"2010-04-05",63.0000
"2010-04-06",70.0000
"2010-04-07",70.0000
"2010-04-08",102.0000
"2010-04-09",59.0000
"2010-04-10",40.0000
"2010-04-11",45.0000
"2010-04-12",80.0000
"2010-04-13",80.0000
"2010-04-14",70.0000
"2010-04-15",70.0000
"2010-04-16",42.0000
"2010-04-17",38.0000
"2010-04-18",36.0000
"2010-04-19",36.0000
"2010-04-20",39.0000
"2010-04-21",41.0000
"2010-04-22",37.0000
"2010-04-23",29.0000
"2010-04-24",36.0000
"2010-04-25",55.0000
"2010-04-26",67.0000
"2010-04-27",67.0000
"2010-04-28",56.0000
"2010-04-29",61.0000
"2010-04-30",76.0000
"2010-12-01",43.2500
"2010-12-02",48.7500
"2010-12-03",63.0000
"2010-12-04",49.5000
"2010-12-05",41.2500
"2010-12-06",36.2500
"2010-12-07",32.7500
"2010-12-08",37.0000
"2010-12-09",40.7500
"2010-12-10",41.5000
"2010-12-11",33.7500
"2010-12-12",41.5000
"2010-12-13",52.0000
"2010-12-14",53.7500
"2010-12-15",65.0000
"2010-12-16",31.2500
"2010-12-17",29.5000
"2010-12-18",30.2500
"2010-12-19",32.2500
"2010-12-20",36.7500
"2010-12-21",33.0000
"2010-12-22",41.7500
"2010-12-23",45.2500
"2010-12-24",141.0000
"2010-12-25",53.0000
"2010-12-26",40.7500
"2010-12-27",36.2500
"2010-12-28",47.7500
"2010-12-29",36.5000
"2010-12-30",31.7500
"2010-12-31",30.5000
"2010-02-01",41.0000
"2010-02-02",50.0000
"2010-02-03",57.0000
"2010-02-04",75.0000
"2010-02-05",63.0000
"2010-02-06",65.0000
"2010-02-07",60.0000
"2010-02-08",46.0000
"2010-02-09",52.0000
"2010-02-10",50.0000
"2010-02-11",47.0000
"2010-02-12",56.0000
"2010-02-13",55.0000
"2010-02-14",61.0000
"2010-02-15",63.0000
"2010-02-16",56.0000
"2010-02-17",52.0000
"2010-02-18",41.0000
"2010-02-19",43.0000
"2010-02-20",64.0000
"2010-02-21",61.0000
"2010-02-22",34.0000
"2010-02-23",57.0000
"2010-02-24",93.0000
"2010-02-25",65.0000
"2010-02-26",68.0000
"2010-02-27",67.0000
"2010-02-28",80.0000
"2010-01-01",73.0000
"2010-01-02",33.0000
"2010-01-03",27.0000
"2010-01-04",22.0000
"2010-01-05",25.0000
"2010-01-06",30.0000
"2010-01-07",41.0000
"2010-01-08",64.0000
"2010-01-09",55.0000
"2010-01-10",34.0000
"2010-01-11",55.0000
"2010-01-12",45.0000
"2010-01-13",29.0000
"2010-01-14",38.0000
"2010-01-15",35.0000
"2010-01-16",54.0000
"2010-01-17",44.0000
"2010-01-18",38.0000
"2010-01-19",43.0000
"2010-01-20",63.0000
"2010-01-21",36.0000
"2010-01-22",51.0000
"2010-01-23",35.0000
"2010-01-24",56.0000
"2010-01-25",59.0000
"2010-01-26",43.0000
"2010-01-27",54.0000
"2010-01-28",72.0000
"2010-01-29",51.0000
"2010-01-30",47.0000
"2010-01-31",32.0000
"2010-07-01",55.0000
"2010-07-02",66.0000
"2010-07-03",76.0000
"2010-07-04",56.0000
"2010-07-05",54.0000
"2010-07-06",55.0000
"2010-07-07",63.0000
"2010-07-08",74.0000
"2010-07-09",51.0000
"2010-07-10",55.0000
"2010-07-11",58.0000
"2010-07-12",64.0000
"2010-07-13",66.0000
"2010-07-14",61.0000
"2010-07-15",63.0000
"2010-07-16",63.0000
"2010-07-17",81.0000
"2010-07-18",61.0000
"2010-07-19",53.0000
"2010-07-20",54.0000
"2010-07-21",60.0000
"2010-07-22",62.0000
"2010-07-23",65.0000
"2010-07-24",55.0000
"2010-07-25",65.0000
"2010-07-26",62.0000
"2010-07-27",49.0000
"2010-07-28",59.0000
"2010-07-29",63.0000
"2010-07-30",48.0000
"2010-07-31",50.0000
"2010-06-01",55.0000
"2010-06-02",93.0000
"2010-06-03",72.0000
"2010-06-04",59.0000
"2010-06-05",87.0000
"2010-06-06",59.0000
"2010-06-07",70.0000
"2010-06-08",95.0000
"2010-06-09",54.0000
"2010-06-10",79.0000
"2010-06-11",60.0000
"2010-06-12",64.0000
"2010-06-13",64.0000
"2010-06-14",55.0000
"2010-06-15",57.0000
"2010-06-16",71.0000
"2010-06-17",75.0000
"2010-06-18",74.0000
"2010-06-19",71.0000
"2010-06-20",49.0000
"2010-06-21",51.0000
"2010-06-22",58.0000
"2010-06-23",64.0000
"2010-06-24",30.0000
"2010-06-25",
"2010-06-26",56.0000
"2010-06-27",69.0000
"2010-06-28",60.0000
"2010-06-29",65.0000
"2010-06-30",50.0000
"2010-03-01",60.0000
"2010-03-02",74.0000
"2010-03-03",77.0000
"2010-03-04",62.0000
"2010-03-05",62.0000
"2010-03-06",72.0000
"2010-03-07",59.0000
"2010-03-08",56.0000
"2010-03-09",45.0000
"2010-03-10",44.0000
"2010-03-11",51.0000
"2010-03-12",43.0000
"2010-03-13",74.0000
"2010-03-14",61.0000
"2010-03-15",52.0000
"2010-03-16",45.0000
"2010-03-17",50.0000
"2010-03-18",58.0000
"2010-03-19",63.0000
"2010-03-20",66.0000
"2010-03-21",52.0000
"2010-03-22",37.0000
"2010-03-23",52.0000
"2010-03-24",99.0000
"2010-03-25",55.0000
"2010-03-26",57.0000
"2010-03-27",61.0000
"2010-03-28",56.0000
"2010-03-29",50.0000
"2010-03-30",44.0000
"2010-03-31",58.0000
"2010-05-01",60.0000
"2010-05-02",58.0000
"2010-05-03",73.0000
"2010-05-04",53.0000
"2010-05-05",53.0000
"2010-05-06",53.0000
"2010-05-07",67.0000
"2010-05-08",57.0000
"2010-05-09",51.0000
"2010-05-10",75.0000
"2010-05-11",60.0000
"2010-05-12",61.0000
"2010-05-13",65.0000
"2010-05-14",69.0000
"2010-05-15",92.0000
"2010-05-16",65.0000
"2010-05-17",55.0000
"2010-05-18",57.0000
"2010-05-19",79.0000
"2010-05-20",58.0000
"2010-05-21",60.0000
"2010-05-22",63.0000
"2010-05-23",57.0000
"2010-05-24",54.0000
"2010-05-25",56.0000
"2010-05-26",123.0000
"2010-05-27",113.0000
"2010-05-28",68.0000
"2010-05-29",54.0000
"2010-05-30",64.0000
"2010-05-31",56.0000
"2010-11-01",
"2010-11-02",33.0000
"2010-11-03",56.0000
"2010-11-04",48.0000
"2010-11-05",46.3333
"2010-11-06",40.3333
"2010-11-07",47.0000
"2010-11-08",30.7500
"2010-11-09",68.0000
"2010-11-10",103.2500
"2010-11-11",72.2500
"2010-11-12",42.7500
"2010-11-13",106.7500
"2010-11-14",57.7500
"2010-11-15",66.7500
"2010-11-16",83.0000
"2010-11-17",74.0000
"2010-11-18",128.0000
"2010-11-19",119.3333
"2010-11-20",113.0000
"2010-11-21",118.0000
"2010-11-22",137.0000
"2010-11-23",83.6667
"2010-11-24",92.5000
"2010-11-25",105.7500
"2010-11-26",115.7500
"2010-11-27",131.2500
"2010-11-28",80.3333
"2010-11-29",82.6667
"2010-11-30",53.0000
"2010-10-01",100.0000
"2010-10-02",67.0000
"2010-10-03",62.0000
"2010-10-04",51.0000
"2010-10-05",63.0000
"2010-10-06",71.0000
"2010-10-07",80.0000
"2010-10-08",62.0000
"2010-10-09",62.0000
"2010-10-10",55.0000
"2010-10-11",111.0000
"2010-10-12",95.0000
"2010-10-13",56.0000
"2010-10-14",60.0000
"2010-10-15",49.0000
"2010-10-16",48.0000
"2010-10-17",48.0000
"2010-10-18",64.0000
"2010-10-19",69.0000
"2010-10-20",70.0000
"2010-10-21",90.0000
"2010-10-22",75.0000
"2010-10-23",66.0000
"2010-10-24",52.0000
"2010-10-25",58.0000
"2010-10-26",48.0000
"2010-10-27",70.0000
"2010-10-28",69.0000
"2010-10-29",57.0000
"2010-10-30",57.0000
"2010-10-31",39.0000
"2010-09-01",53.0000
"2010-09-02",56.0000
"2010-09-03",53.0000
"2010-09-04",47.0000
"2010-09-05",54.0000
"2010-09-06",51.0000
"2010-09-07",56.0000
"2010-09-08",65.0000
"2010-09-09",38.0000
"2010-09-10",51.0000
"2010-09-11",55.0000
"2010-09-12",50.0000
"2010-09-13",51.0000
"2010-09-14",42.0000
"2010-09-15",42.0000
"2010-09-16",36.0000
"2010-09-17",49.0000
"2010-09-18",51.0000
"2010-09-19",49.0000
"2010-09-20",39.0000
"2010-09-21",41.0000
"2010-09-22",64.0000
"2010-09-23",57.0000
"2010-09-24",58.0000
"2010-09-25",57.0000
"2010-09-26",46.0000
"2010-09-27",51.0000
"2010-09-28",71.0000
"2010-09-29",78.0000
"2010-09-30",65.0000
"2011-08-01",76.5000
"2011-08-02",72.7500
"2011-08-03",116.0000
"2011-08-04",104.7500
"2011-08-05",111.7500
"2011-08-06",100.7500
"2011-08-07",84.0000
"2011-08-08",89.7500
"2011-08-09",93.7500
"2011-08-10",104.5000
"2011-08-11",105.6667
"2011-08-12",83.3333
"2011-08-13",81.0000
"2011-08-14",83.0000
"2011-08-15",79.0000
"2011-08-16",79.0000
"2011-08-17",100.0000
"2011-08-18",112.0000
"2011-08-19",96.0000
"2011-08-20",73.5000
"2011-08-21",81.7500
"2011-08-22",123.5000
"2011-08-23",95.0000
"2011-08-24",88.2500
"2011-08-25",114.0000
"2011-08-26",118.0000
"2011-08-27",84.2500
"2011-08-28",81.2500
"2011-08-29",73.0000
"2011-08-30",82.0000
"2011-08-31",85.0000
"2011-04-01",28.5000
"2011-04-02",29.5000
"2011-04-03",30.0000
"2011-04-04",34.5000
"2011-04-05",37.0000
"2011-04-06",34.2500
"2011-04-07",34.2500
"2011-04-08",41.5000
"2011-04-09",38.0000
"2011-04-10",36.5000
"2011-04-11",38.0000
"2011-04-12",77.0000
"2011-04-13",98.2500
"2011-04-14",69.0000
"2011-04-15",97.7500
"2011-04-16",114.7500
"2011-04-17",94.6667
"2011-04-18",108.0000
"2011-04-19",101.2500
"2011-04-20",81.0000
"2011-04-21",72.6667
"2011-04-22",113.6667
"2011-04-23",92.6667
"2011-04-24",66.3333
"2011-04-25",64.6667
"2011-04-26",61.6667
"2011-04-27",65.6667
"2011-04-28",62.0000
"2011-04-29",67.0000
"2011-04-30",73.7500
"2011-12-01",80.5000
"2011-12-02",77.5000
"2011-12-03",65.7500
"2011-12-04",80.2500
"2011-12-05",64.2500
"2011-12-06",68.7500
"2011-12-07",123.7500
"2011-12-08",123.2500
"2011-12-09",126.2500
"2011-12-10",85.7500
"2011-12-11",101.7500
"2011-12-12",91.5000
"2011-12-13",79.7500
"2011-12-14",75.2500
"2011-12-15",77.5000
"2011-12-16",37.2500
"2011-12-17",34.5000
"2011-12-18",31.0000
"2011-12-19",34.3333
"2011-12-20",33.3333
"2011-12-21",43.6667
"2011-12-22",109.3333
"2011-12-23",116.0000
"2011-12-24",111.3333
"2011-12-25",100.6667
"2011-12-26",119.3333
"2011-12-27",67.0000
"2011-12-28",70.0000
"2011-12-29",61.2500
"2011-12-30",58.5000
"2011-12-31",54.0000
"2011-02-01",39.3333
"2011-02-02",45.7500
"2011-02-03",41.7500
"2011-02-04",40.7500
"2011-02-05",45.5000
"2011-02-06",31.7500
"2011-02-07",40.7500
"2011-02-08",44.2500
"2011-02-09",55.5000
"2011-02-10",58.2500
"2011-02-11",81.0000
"2011-02-12",70.2500
"2011-02-13",70.7500
"2011-02-14",49.0000
"2011-02-15",46.2500
"2011-02-16",50.5000
"2011-02-17",50.2500
"2011-02-18",46.7500
"2011-02-19",44.7500
"2011-02-20",45.0000
"2011-02-21",47.7500
"2011-02-22",52.5000
"2011-02-23",51.0000
"2011-02-24",35.6667
"2011-02-25",42.6667
"2011-02-26",41.2500
"2011-02-27",36.5000
"2011-02-28",35.2500
"2011-01-01",54.0000
"2011-01-02",41.5000
"2011-01-03",33.0000
"2011-01-04",52.0000
"2011-01-05",45.5000
"2011-01-06",55.5000
"2011-01-07",51.7500
"2011-01-08",60.0000
"2011-01-09",54.2500
"2011-01-10",50.0000
"2011-01-11",49.0000
"2011-01-12",48.5000
"2011-01-13",59.2500
"2011-01-14",53.5000
"2011-01-15",53.3333
"2011-01-16",43.7500
"2011-01-17",48.2500
"2011-01-18",52.0000
"2011-01-19",51.7500
"2011-01-20",38.7500
"2011-01-21",46.5000
"2011-01-22",52.5000
"2011-01-23",53.7500
"2011-01-24",49.7500
"2011-01-25",45.0000
"2011-01-26",51.0000
"2011-01-27",59.0000
"2011-01-28",49.0000
"2011-01-29",42.0000
"2011-01-30",45.0000
"2011-01-31",33.6667
"2011-07-01",66.2500
"2011-07-02",85.2500
"2011-07-03",75.7500
"2011-07-04",70.2500
"2011-07-05",84.2500
"2011-07-06",67.0000
"2011-07-07",73.7500
"2011-07-08",73.2500
"2011-07-09",64.5000
"2011-07-10",67.0000
"2011-07-11",65.5000
"2011-07-12",72.2500
"2011-07-13",68.5000
"2011-07-14",92.5000
"2011-07-15",129.2500
"2011-07-16",100.7500
"2011-07-17",80.7500
"2011-07-18",88.7500
"2011-07-19",76.0000
"2011-07-20",63.7500
"2011-07-21",72.2500
"2011-07-22",60.0000
"2011-07-23",77.2500
"2011-07-24",95.7500
"2011-07-25",101.7500
"2011-07-26",85.7500
"2011-07-27",84.5000
"2011-07-28",92.7500
"2011-07-29",93.0000
"2011-07-30",102.0000
"2011-07-31",73.5000
"2011-06-01",79.2500
"2011-06-02",63.2500
"2011-06-03",53.0000
"2011-06-04",57.2500
"2011-06-05",57.2500
"2011-06-06",68.2500
"2011-06-07",74.5000
"2011-06-08",78.0000
"2011-06-09",81.5000
"2011-06-10",73.7500
"2011-06-11",77.5000
"2011-06-12",75.0000
"2011-06-13",72.2500
"2011-06-14",84.7500
"2011-06-15",108.7500
"2011-06-16",86.5000
"2011-06-17",84.7500
"2011-06-18",111.7500
"2011-06-19",99.5000
"2011-06-20",82.7500
"2011-06-21",79.5000
"2011-06-22",90.5000
"2011-06-23",92.5000
"2011-06-24",84.2500
"2011-06-25",74.0000
"2011-06-26",75.5000
"2011-06-27",63.5000
"2011-06-28",91.7500
"2011-06-29",98.2500
"2011-06-30",107.2500
"2011-03-01",30.7500
"2011-03-02",31.5000
"2011-03-03",33.0000
"2011-03-04",35.7500
"2011-03-05",33.2500
"2011-03-06",33.5000
"2011-03-07",33.0000
"2011-03-08",31.7500
"2011-03-09",38.0000
"2011-03-10",37.0000
"2011-03-11",44.0000
"2011-03-12",48.2500
"2011-03-13",49.7500
"2011-03-14",52.0000
"2011-03-15",51.2500
"2011-03-16",61.2500
"2011-03-17",83.7500
"2011-03-18",73.2500
"2011-03-19",72.5000
"2011-03-20",67.7500
"2011-03-21",34.5000
"2011-03-22",33.7500
"2011-03-23",30.2500
"2011-03-24",29.7500
"2011-03-25",33.7500
"2011-03-26",33.7500
"2011-03-27",34.0000
"2011-03-28",28.5000
"2011-03-29",27.5000
"2011-03-30",29.5000
"2011-03-31",26.5000
"2011-05-01",73.0000
"2011-05-02",90.2500
"2011-05-03",60.5000
"2011-05-04",48.2500
"2011-05-05",56.2500
"2011-05-06",58.5000
"2011-05-07",57.5000
"2011-05-08",48.5000
"2011-05-09",130.0000
"2011-05-10",115.2500
"2011-05-11",86.0000
"2011-05-12",75.0000
"2011-05-13",73.7500
"2011-05-14",67.2500
"2011-05-15",87.2500
"2011-05-16",109.2500
"2011-05-17",89.5000
"2011-05-18",79.7500
"2011-05-19",80.2500
"2011-05-20",86.7500
"2011-05-21",74.0000
"2011-05-22",77.6667
"2011-05-23",118.3333
"2011-05-24",74.7500
"2011-05-25",84.5000
"2011-05-26",73.5000
"2011-05-27",71.5000
"2011-05-28",81.7500
"2011-05-29",93.5000
"2011-05-30",80.2500
"2011-05-31",85.2500
"2011-11-01",96.5000
"2011-11-02",79.7500
"2011-11-03",70.3333
"2011-11-04",54.5000
"2011-11-05",71.7500
"2011-11-06",52.7500
"2011-11-07",116.5000
"2011-11-08",85.3333
"2011-11-09",93.2500
"2011-11-10",78.5000
"2011-11-11",71.0000
"2011-11-12",73.7500
"2011-11-13",82.7500
"2011-11-14",104.7500
"2011-11-15",109.5000
"2011-11-16",142.5000
"2011-11-17",144.0000
"2011-11-18",100.7500
"2011-11-19",110.7500
"2011-11-20",101.2500
"2011-11-21",97.7500
"2011-11-22",80.2500
"2011-11-23",134.0000
"2011-11-24",125.0000
"2011-11-25",75.0000
"2011-11-26",89.5000
"2011-11-27",113.7500
"2011-11-28",119.7500
"2011-11-29",92.2500
"2011-11-30",119.5000
"2011-10-01",112.2500
"2011-10-02",99.5000
"2011-10-03",106.2500
"2011-10-04",91.0000
"2011-10-05",92.5000
"2011-10-06",80.5000
"2011-10-07",91.7500
"2011-10-08",63.0000
"2011-10-09",100.2500
"2011-10-10",89.5000
"2011-10-11",145.7500
"2011-10-12",150.5000
"2011-10-13",113.2500
"2011-10-14",91.5000
"2011-10-15",118.0000
"2011-10-16",89.5000
"2011-10-17",71.7500
"2011-10-18",76.0000
"2011-10-19",75.5000
"2011-10-20",89.7500
"2011-10-21",109.0000
"2011-10-22",91.7500
"2011-10-23",91.5000
"2011-10-24",69.5000
"2011-10-25",85.2500
"2011-10-26",96.5000
"2011-10-27",69.0000
"2011-10-28",73.0000
"2011-10-29",74.7500
"2011-10-30",77.2500
"2011-10-31",130.7500
"2011-09-01",74.7500
"2011-09-02",73.2500
"2011-09-03",91.0000
"2011-09-04",81.7500
"2011-09-05",92.7500
"2011-09-06",77.0000
"2011-09-07",83.5000
"2011-09-08",125.0000
"2011-09-09",110.7500
"2011-09-10",101.5000
"2011-09-11",83.5000
"2011-09-12",86.2500
"2011-09-13",108.5000
"2011-09-14",68.5000
"2011-09-15",75.5000
"2011-09-16",87.3333
"2011-09-17",92.0000
"2011-09-18",105.3333
"2011-09-19",89.0000
"2011-09-20",97.7500
"2011-09-21",97.5000
"2011-09-22",143.5000
"2011-09-23",153.5000
"2011-09-24",102.2500
"2011-09-25",95.2500
"2011-09-26",110.5000
"2011-09-27",86.5000
"2011-09-28",90.5000
"2011-09-29",106.2500
"2011-09-30",93.7500
"2012-08-01",149.0000
"2012-08-02",137.5000
"2012-08-03",113.0000
"2012-08-04",77.2500
"2012-08-05",88.7500
"2012-08-06",109.0000
"2012-08-07",115.2500
"2012-08-08",100.0000
"2012-08-09",95.0000
"2012-08-10",88.2500
"2012-08-11",91.5000
"2012-08-12",89.2500
"2012-08-13",96.0000
"2012-08-14",80.7500
"2012-08-15",72.5000
"2012-08-16",77.5000
"2012-08-17",78.2500
"2012-08-18",101.2500
"2012-08-19",80.2500
"2012-08-20",69.0000
"2012-08-21",71.5000
"2012-08-22",71.2500
"2012-08-23",90.2500
"2012-08-24",86.0000
"2012-08-25",90.0000
"2012-08-26",81.0000
"2012-08-27",86.0000
"2012-08-28",113.2500
"2012-08-29",98.2500
"2012-08-30",96.5000
"2012-08-31",85.5000
"2012-04-01",149.7500
"2012-04-02",122.7500
"2012-04-03",119.2500
"2012-04-04",103.0000
"2012-04-05",85.5000
"2012-04-06",72.2500
"2012-04-07",72.0000
"2012-04-08",87.0000
"2012-04-09",97.2500
"2012-04-10",83.2500
"2012-04-11",85.0000
"2012-04-12",97.5000
"2012-04-13",83.2500
"2012-04-14",92.7500
"2012-04-15",100.7500
"2012-04-16",106.0000
"2012-04-17",113.5000
"2012-04-18",94.0000
"2012-04-19",116.5000
"2012-04-20",134.2500
"2012-04-21",122.5000
"2012-04-22",107.7500
"2012-04-23",117.0000
"2012-04-24",115.5000
"2012-04-25",125.0000
"2012-04-26",122.2500
"2012-04-27",85.0000
"2012-04-28",127.5000
"2012-04-29",115.0000
"2012-04-30",82.2500
"2012-12-01",66.4000
"2012-12-02",104.6000
"2012-12-03",86.2000
"2012-12-04",76.0000
"2012-12-05",81.0000
"2012-12-06",115.6000
"2012-12-07",123.0000
"2012-12-08",104.6000
"2012-12-09",124.2000
"2012-12-10",126.4000
"2012-12-11",118.6000
"2012-12-12",93.8000
"2012-12-13",78.0000
"2012-12-14",122.2000
"2012-12-15",86.4000
"2012-12-16",78.4000
"2012-12-17",81.6000
"2012-12-18",56.8000
"2012-12-19",78.0000
"2012-12-20",82.2000
"2012-12-21",79.2000
"2012-12-22",91.6000
"2012-12-23",78.2000
"2012-12-24",76.2000
"2012-12-25",73.4000
"2012-12-26",90.2000
"2012-12-27",74.6000
"2012-12-28",75.2000
"2012-12-29",73.4000
"2012-12-30",72.0000
"2012-12-31",53.2000
"2012-02-01",81.7500
"2012-02-02",70.0000
"2012-02-03",52.0000
"2012-02-04",54.5000
"2012-02-05",74.2500
"2012-02-06",61.2500
"2012-02-07",56.5000
"2012-02-08",65.0000
"2012-02-09",53.3333
"2012-02-10",68.5000
"2012-02-11",88.2500
"2012-02-12",62.5000
"2012-02-13",125.0000
"2012-02-14",87.7500
"2012-02-15",100.2500
"2012-02-16",80.0000
"2012-02-17",109.5000
"2012-02-18",92.7500
"2012-02-19",85.0000
"2012-02-20",68.5000
"2012-02-21",131.0000
"2012-02-22",113.0000
"2012-02-23",98.7500
"2012-02-24",106.0000
"2012-02-25",93.7500
"2012-02-26",110.0000
"2012-02-27",94.7500
"2012-02-28",166.0000
"2012-02-29",104.2500
"2012-01-01",45.7500
"2012-01-02",52.0000
"2012-01-03",71.0000
"2012-01-04",73.2500
"2012-01-05",100.7500
"2012-01-06",54.2500
"2012-01-07",62.7500
"2012-01-08",63.2500
"2012-01-09",65.5000
"2012-01-10",57.5000
"2012-01-11",52.5000
"2012-01-12",43.7500
"2012-01-13",43.2500
"2012-01-14",39.0000
"2012-01-15",54.5000
"2012-01-16",62.0000
"2012-01-17",88.5000
"2012-01-18",75.2500
"2012-01-19",55.2500
"2012-01-20",61.5000
"2012-01-21",68.5000
"2012-01-22",82.7500
"2012-01-23",52.2500
"2012-01-24",41.0000
"2012-01-25",54.7500
"2012-01-26",61.7500
"2012-01-27",73.7500
"2012-01-28",67.0000
"2012-01-29",51.7500
"2012-01-30",68.2500
"2012-01-31",41.7500
"2012-07-01",73.0000
"2012-07-02",87.2500
"2012-07-03",78.5000
"2012-07-04",81.7500
"2012-07-05",76.0000
"2012-07-06",80.2500
"2012-07-07",106.0000
"2012-07-08",110.0000
"2012-07-09",109.7500
"2012-07-10",100.7500
"2012-07-11",86.5000
"2012-07-12",98.0000
"2012-07-13",110.2500
"2012-07-14",116.5000
"2012-07-15",95.0000
"2012-07-16",90.0000
"2012-07-17",98.0000
"2012-07-18",102.5000
"2012-07-19",103.0000
"2012-07-20",70.2500
"2012-07-21",84.2500
"2012-07-22",86.5000
"2012-07-23",121.0000
"2012-07-24",121.5000
"2012-07-25",155.5000
"2012-07-26",169.2500
"2012-07-27",146.2500
"2012-07-28",157.0000
"2012-07-29",137.2500
"2012-07-30",115.7500
"2012-07-31",124.0000
"2012-06-01",84.0000
"2012-06-02",95.5000
"2012-06-03",95.0000
"2012-06-04",73.0000
"2012-06-05",97.0000
"2012-06-06",102.7500
"2012-06-07",107.5000
"2012-06-08",108.0000
"2012-06-09",150.7500
"2012-06-10",127.5000
"2012-06-11",128.5000
"2012-06-12",102.0000
"2012-06-13",107.2500
"2012-06-14",123.0000
"2012-06-15",123.2500
"2012-06-16",122.0000
"2012-06-17",80.5000
"2012-06-18",73.7500
"2012-06-19",77.0000
"2012-06-20",77.5000
"2012-06-21",95.5000
"2012-06-22",98.7500
"2012-06-23",84.0000
"2012-06-24",112.0000
"2012-06-25",75.2500
"2012-06-26",60.2500
"2012-06-27",84.2500
"2012-06-28",104.7500
"2012-06-29",94.0000
"2012-06-30",78.2500
"2012-03-01",83.5000
"2012-03-02",84.2500
"2012-03-03",59.5000
"2012-03-04",64.5000
"2012-03-05",72.7500
"2012-03-06",79.7500
"2012-03-07",80.0000
"2012-03-08",60.0000
"2012-03-09",58.5000
"2012-03-10",70.2500
"2012-03-11",61.7500
"2012-03-12",92.0000
"2012-03-13",74.2500
"2012-03-14",76.5000
"2012-03-15",57.2500
"2012-03-16",75.5000
"2012-03-17",63.2500
"2012-03-18",65.0000
"2012-03-19",62.0000
"2012-03-20",34.3333
"2012-03-21",35.7500
"2012-03-22",43.0000
"2012-03-23",48.6667
"2012-03-24",69.0000
"2012-03-25",90.0000
"2012-03-26",79.5000
"2012-03-27",91.7500
"2012-03-28",80.2500
"2012-03-29",80.5000
"2012-03-30",78.5000
"2012-03-31",128.2500
"2012-05-01",78.7500
"2012-05-02",137.7500
"2012-05-03",134.5000
"2012-05-04",133.0000
"2012-05-05",101.7500
"2012-05-06",108.0000
"2012-05-07",96.0000
"2012-05-08",90.5000
"2012-05-09",88.0000
"2012-05-10",115.0000
"2012-05-11",130.6667
"2012-05-12",141.3333
"2012-05-13",163.0000
"2012-05-14",99.3333
"2012-05-15",90.3333
"2012-05-16",107.0000
"2012-05-17",96.5000
"2012-05-18",100.7500
"2012-05-19",85.5000
"2012-05-20",109.2500
"2012-05-21",111.5000
"2012-05-22",112.2500
"2012-05-23",110.7500
"2012-05-24",74.7500
"2012-05-25",75.5000
"2012-05-26",71.5000
"2012-05-27",66.5000
"2012-05-28",92.2500
"2012-05-29",119.5000
"2012-05-30",79.0000
"2012-05-31",90.2500
"2012-11-01",137.2500
"2012-11-02",141.5000
"2012-11-03",148.0000
"2012-11-04",171.2500
"2012-11-05",129.7500
"2012-11-06",142.7500
"2012-11-07",137.2500
"2012-11-08",126.0000
"2012-11-09",119.5000
"2012-11-10",148.0000
"2012-11-11",132.5000
"2012-11-12",131.5000
"2012-11-13",135.2500
"2012-11-14",132.2500
"2012-11-15",147.7500
"2012-11-16",87.7500
"2012-11-17",140.3333
"2012-11-18",53.6667
"2012-11-19",110.6667
"2012-11-20",148.0000
"2012-11-21",129.2500
"2012-11-22",113.2500
"2012-11-23",120.5000
"2012-11-24",124.0000
"2012-11-25",113.0000
"2012-11-26",97.3333
"2012-11-27",103.5000
"2012-11-28",101.4000
"2012-11-29",147.8000
"2012-11-30",92.2000
"2012-10-01",119.2500
"2012-10-02",151.5000
"2012-10-03",146.7500
"2012-10-04",117.7500
"2012-10-05",118.7500
"2012-10-06",112.0000
"2012-10-07",118.5000
"2012-10-08",153.5000
"2012-10-09",134.5000
"2012-10-10",171.0000
"2012-10-11",182.7500
"2012-10-12",159.5000
"2012-10-13",95.7500
"2012-10-14",112.2500
"2012-10-15",124.2500
"2012-10-16",119.5000
"2012-10-17",130.7500
"2012-10-18",118.7500
"2012-10-19",141.2500
"2012-10-20",168.2500
"2012-10-21",135.5000
"2012-10-22",134.5000
"2012-10-23",151.5000
"2012-10-24",122.5000
"2012-10-25",126.7500
"2012-10-26",126.7500
"2012-10-27",113.0000
"2012-10-28",114.7500
"2012-10-29",110.5000
"2012-10-30",120.7500
"2012-10-31",142.7500
"2012-09-01",87.7500
"2012-09-02",99.7500
"2012-09-03",79.0000
"2012-09-04",81.0000
"2012-09-05",102.0000
"2012-09-06",120.6667
"2012-09-07",88.3333
"2012-09-08",69.3333
"2012-09-09",85.3333
"2012-09-10",89.6667
"2012-09-11",142.3333
"2012-09-12",119.6667
"2012-09-13",75.6667
"2012-09-14",124.7500
"2012-09-15",177.2500
"2012-09-16",153.2500
"2012-09-17",147.7500
"2012-09-18",131.5000
"2012-09-19",81.2500
"2012-09-20",124.5000
"2012-09-21",143.0000
"2012-09-22",128.2500
"2012-09-23",115.7500
"2012-09-24",124.7500
"2012-09-25",127.0000
"2012-09-26",134.2500
"2012-09-27",125.5000
"2012-09-28",99.5000
"2012-09-29",125.0000
"2012-09-30",119.2500
"2013-08-01",84.8000
"2013-08-02",61.2000
"2013-08-03",64.4000
"2013-08-04",66.8000
"2013-08-05",72.0000
"2013-08-06",89.4000
"2013-08-07",83.2000
"2013-08-08",80.0000
"2013-08-09",69.0000
"2013-08-10",87.4000
"2013-08-11",80.0000
"2013-08-12",89.8000
"2013-08-13",94.2000
"2013-08-14",75.8000
"2013-08-15",61.0000
"2013-08-16",62.5000
"2013-08-17",62.7500
"2013-08-18",64.2000
"2013-08-19",62.8000
"2013-08-20",78.0000
"2013-08-21",79.4000
"2013-08-22",75.0000
"2013-08-23",86.0000
"2013-08-24",74.8000
"2013-08-25",68.2000
"2013-08-26",68.2000
"2013-08-27",73.4000
"2013-08-28",96.6000
"2013-08-29",67.0000
"2013-08-30",75.4000
"2013-08-31",64.8000
"2013-04-01",117.4000
"2013-04-02",79.4000
"2013-04-03",100.6000
"2013-04-04",98.8000
"2013-04-05",55.0000
"2013-04-06",92.8000
"2013-04-07",59.4000
"2013-04-08",104.2000
"2013-04-09",108.2000
"2013-04-10",69.8000
"2013-04-11",69.0000
"2013-04-12",50.6000
"2013-04-13",36.4000
"2013-04-14",55.6000
"2013-04-15",64.6000
"2013-04-16",59.8000
"2013-04-17",115.0000
"2013-04-18",100.6000
"2013-04-19",93.4000
"2013-04-20",97.2000
"2013-04-21",85.8000
"2013-04-22",59.6000
"2013-04-23",70.4000
"2013-04-24",62.4000
"2013-04-25",93.0000
"2013-04-26",82.7500
"2013-04-27",66.5000
"2013-04-28",62.0000
"2013-04-29",59.5000
"2013-04-30",61.0000
"2013-12-01",110.6000
"2013-12-02",105.4000
"2013-12-03",105.8000
"2013-12-04",95.0000
"2013-12-05",113.0000
"2013-12-06",92.2500
"2013-12-07",71.0000
"2013-12-08",84.7500
"2013-12-09",70.7500
"2013-12-10",113.0000
"2013-12-11",75.5000
"2013-12-12",51.0000
"2013-12-13",52.7500
"2013-12-14",50.0000
"2013-12-15",78.2000
"2013-12-16",92.2000
"2013-12-17",93.8000
"2013-12-18",83.0000
"2013-12-19",80.0000
"2013-12-20",61.6000
"2013-12-21",35.0000
"2013-12-22",37.0000
"2013-12-23",38.8000
"2013-12-24",40.6000
"2013-12-25",49.4000
"2013-12-26",55.6000
"2013-12-27",64.2000
"2013-12-28",56.6000
"2013-12-29",51.4000
"2013-12-30",48.0000
"2013-12-31",50.8000
"2013-02-01",96.0000
"2013-02-02",97.2000
"2013-02-03",90.0000
"2013-02-04",98.2000
"2013-02-05",116.6000
"2013-02-06",74.4000
"2013-02-07",126.2500
"2013-02-08",123.2500
"2013-02-09",102.8000
"2013-02-10",142.0000
"2013-02-11",98.6000
"2013-02-12",100.0000
"2013-02-13",121.6000
"2013-02-14",99.8000
"2013-02-15",94.6000
"2013-02-16",77.6000
"2013-02-17",63.0000
"2013-02-18",63.4000
"2013-02-19",50.8000
"2013-02-20",66.2000
"2013-02-21",69.0000
"2013-02-22",47.2000
"2013-02-23",77.8000
"2013-02-24",85.0000
"2013-02-25",76.4000
"2013-02-26",92.2000
"2013-02-27",96.0000
"2013-02-28",66.2000
"2013-01-01",70.6000
"2013-01-02",76.0000
"2013-01-03",91.5000
"2013-01-04",81.0000
"2013-01-05",55.2500
"2013-01-06",58.0000
"2013-01-07",65.2500
"2013-01-08",29.6667
"2013-01-09",41.0000
"2013-01-10",35.2500
"2013-01-11",34.5000
"2013-01-12",66.7500
"2013-01-13",77.2500
"2013-01-14",78.2500
"2013-01-15",74.5000
"2013-01-16",81.2500
"2013-01-17",84.7500
"2013-01-18",89.5000
"2013-01-19",82.0000
"2013-01-20",76.5000
"2013-01-21",82.2500
"2013-01-22",91.7500
"2013-01-23",66.2000
"2013-01-24",60.0000
"2013-01-25",67.4000
"2013-01-26",77.2000
"2013-01-27",64.8000
"2013-01-28",73.0000
"2013-01-29",84.6000
"2013-01-30",76.0000
"2013-01-31",107.6000
"2013-07-01",56.6000
"2013-07-02",73.2000
"2013-07-03",72.6000
"2013-07-04",53.0000
"2013-07-05",55.0000
"2013-07-06",54.8000
"2013-07-07",69.2000
"2013-07-08",94.6000
"2013-07-09",95.8000
"2013-07-10",81.8000
"2013-07-11",92.8000
"2013-07-12",69.2500
"2013-07-13",69.5000
"2013-07-14",59.0000
"2013-07-15",67.5000
"2013-07-16",70.2500
"2013-07-17",91.2000
"2013-07-18",74.0000
"2013-07-19",75.0000
"2013-07-20",90.0000
"2013-07-21",80.8000
"2013-07-22",70.8000
"2013-07-23",76.6000
"2013-07-24",59.0000
"2013-07-25",57.6000
"2013-07-26",50.2000
"2013-07-27",71.4000
"2013-07-28",66.2000
"2013-07-29",88.4000
"2013-07-30",72.0000
"2013-07-31",73.2000
"2013-06-01",52.4000
"2013-06-02",53.6000
"2013-06-03",50.6000
"2013-06-04",41.6000
"2013-06-05",58.8000
"2013-06-06",41.5000
"2013-06-07",101.0000
"2013-06-08",95.0000
"2013-06-09",89.2500
"2013-06-10",105.0000
"2013-06-11",86.5000
"2013-06-12",38.7500
"2013-06-13",68.2500
"2013-06-14",57.4000
"2013-06-15",63.8000
"2013-06-16",106.6000
"2013-06-17",92.6000
"2013-06-18",64.4000
"2013-06-19",52.6000
"2013-06-20",66.8000
"2013-06-21",86.4000
"2013-06-22",72.0000
"2013-06-23",75.7500
"2013-06-24",97.5000
"2013-06-25",105.0000
"2013-06-26",89.0000
"2013-06-27",76.0000
"2013-06-28",61.6000
"2013-06-29",76.0000
"2013-06-30",66.4000
"2013-03-01",58.4000
"2013-03-02",95.4000
"2013-03-03",92.0000
"2013-03-04",86.2000
"2013-03-05",61.2000
"2013-03-06",89.2000
"2013-03-07",106.4000
"2013-03-08",84.6000
"2013-03-09",83.0000
"2013-03-10",74.2500
"2013-03-11",70.2500
"2013-03-12",113.0000
"2013-03-13",85.2500
"2013-03-14",108.0000
"2013-03-15",106.7500
"2013-03-16",92.8000
"2013-03-17",90.0000
"2013-03-18",75.2000
"2013-03-19",112.2000
"2013-03-20",107.4000
"2013-03-21",94.6000
"2013-03-22",99.8000
"2013-03-23",90.4000
"2013-03-24",89.6000
"2013-03-25",102.4000
"2013-03-26",108.8000
"2013-03-27",120.0000
"2013-03-28",144.6000
"2013-03-29",147.8000
"2013-03-30",94.8000
"2013-03-31",111.0000
"2013-05-01",68.4000
"2013-05-02",69.8000
"2013-05-03",68.4000
"2013-05-04",80.0000
"2013-05-05",70.4000
"2013-05-06",86.8000
"2013-05-07",77.2000
"2013-05-08",56.4000
"2013-05-09",68.4000
"2013-05-10",84.6000
"2013-05-11",86.4000
"2013-05-12",72.6000
"2013-05-13",54.4000
"2013-05-14",82.4000
"2013-05-15",71.0000
"2013-05-16",60.0000
"2013-05-17",74.8000
"2013-05-18",80.2000
"2013-05-19",90.4000
"2013-05-20",115.4000
"2013-05-21",96.8000
"2013-05-22",69.0000
"2013-05-23",101.2000
"2013-05-24",100.6000
"2013-05-25",82.8000
"2013-05-26",90.2000
"2013-05-27",79.0000
"2013-05-28",62.0000
"2013-05-29",80.2000
"2013-05-30",62.0000
"2013-05-31",43.8000
"2013-11-01",101.6000
"2013-11-02",87.0000
"2013-11-03",83.2000
"2013-11-04",95.8000
"2013-11-05",93.4000
"2013-11-06",131.4000
"2013-11-07",113.8000
"2013-11-08",91.8000
"2013-11-09",70.0000
"2013-11-10",121.5000
"2013-11-11",102.2500
"2013-11-12",77.2000
"2013-11-13",98.2000
"2013-11-14",114.4000
"2013-11-15",80.2000
"2013-11-16",66.2000
"2013-11-17",59.6000
"2013-11-18",54.2500
"2013-11-19",46.5000
"2013-11-20",38.7500
"2013-11-21",51.2000
"2013-11-22",68.6000
"2013-11-23",72.2000
"2013-11-24",91.2000
"2013-11-25",96.0000
"2013-11-26",55.4000
"2013-11-27",71.2000
"2013-11-28",87.2000
"2013-11-29",96.6000
"2013-11-30",121.0000
"2013-10-01",88.0000
"2013-10-02",93.0000
"2013-10-03",88.8000
"2013-10-04",91.2000
"2013-10-05",100.0000
"2013-10-06",111.8000
"2013-10-07",84.2000
"2013-10-08",80.6000
"2013-10-09",92.2000
"2013-10-10",77.2000
"2013-10-11",95.8000
"2013-10-12",107.6000
"2013-10-13",90.4000
"2013-10-14",92.6000
"2013-10-15",66.8000
"2013-10-16",69.2000
"2013-10-17",61.8000
"2013-10-18",64.6000
"2013-10-19",118.2000
"2013-10-20",75.6000
"2013-10-21",91.6000
"2013-10-22",78.0000
"2013-10-23",80.6000
"2013-10-24",94.4000
"2013-10-25",114.0000
"2013-10-26",93.2000
"2013-10-27",78.0000
"2013-10-28",79.4000
"2013-10-29",84.8000
"2013-10-30",80.2000
"2013-10-31",97.6000
"2013-09-01",63.2000
"2013-09-02",80.0000
"2013-09-03",91.8000
"2013-09-04",83.0000
"2013-09-05",110.0000
"2013-09-06",90.2000
"2013-09-07",71.2000
"2013-09-08",77.8000
"2013-09-09",78.0000
"2013-09-10",86.0000
"2013-09-11",84.2000
"2013-09-12",70.0000
"2013-09-13",93.2000
"2013-09-14",92.6000
"2013-09-15",84.4000
"2013-09-16",53.2000
"2013-09-17",105.4000
"2013-09-18",80.6000
"2013-09-19",77.6000
"2013-09-20",72.6000
"2013-09-21",101.4000
"2013-09-22",88.8000
"2013-09-23",89.0000
"2013-09-24",70.6000
"2013-09-25",90.0000
"2013-09-26",86.8000
"2013-09-27",86.2000
"2013-09-28",79.2000
"2013-09-29",79.4000
"2013-09-30",68.8000
"2014-08-01",67.0000
"2014-08-02",65.6000
"2014-08-03",69.0000
"2014-08-04",57.4000
"2014-08-05",53.0000
"2014-08-06",45.0000
"2014-08-07",58.8000
"2014-08-08",68.4000
"2014-08-09",77.0000
"2014-08-10",66.4000
"2014-08-11",59.2000
"2014-08-12",58.2000
"2014-08-13",69.8000
"2014-08-14",66.8000
"2014-08-15",74.0000
"2014-08-16",63.0000
"2014-08-17",64.4000
"2014-08-18",67.6000
"2014-08-19",75.4000
"2014-08-20",78.2000
"2014-08-21",82.4000
"2014-08-22",71.0000
"2014-08-23",72.8000
"2014-08-24",71.0000
"2014-08-25",75.4000
"2014-08-26",79.8000
"2014-08-27",76.2000
"2014-08-28",68.8000
"2014-08-29",69.0000
"2014-08-30",73.4000
"2014-08-31",69.0000
"2014-04-01",80.0000
"2014-04-02",83.0000
"2014-04-03",91.6000
"2014-04-04",85.8000
"2014-04-05",98.0000
"2014-04-06",67.6000
"2014-04-07",65.0000
"2014-04-08",60.4000
"2014-04-09",52.4000
"2014-04-10",46.4000
"2014-04-11",57.0000
"2014-04-12",71.8000
"2014-04-13",58.4000
"2014-04-14",58.8000
"2014-04-15",60.8000
"2014-04-16",73.8000
"2014-04-17",109.8000
"2014-04-18",113.4000
"2014-04-19",80.2000
"2014-04-20",57.6000
"2014-04-21",55.8000
"2014-04-22",54.6000
"2014-04-23",86.8000
"2014-04-24",73.8000
"2014-04-25",52.2000
"2014-04-26",89.4000
"2014-04-27",84.6000
"2014-04-28",99.6000
"2014-04-29",119.2000
"2014-04-30",98.0000
"2014-12-01",27.2000
"2014-12-02",36.6000
"2014-12-03",31.2000
"2014-12-04",48.2000
"2014-12-05",67.4000
"2014-12-06",36.0000
"2014-12-07",46.8000
"2014-12-08",36.2000
"2014-12-09",32.4000
"2014-12-10",39.0000
"2014-12-11",39.4000
"2014-12-12",36.8000
"2014-12-13",37.4000
"2014-12-14",39.8000
"2014-12-15",32.6000
"2014-12-16",44.8000
"2014-12-17",35.2000
"2014-12-18",32.6000
"2014-12-19",45.4000
"2014-12-20",31.0000
"2014-12-21",50.4000
"2014-12-22",43.2000
"2014-12-23",32.0000
"2014-12-24",55.8000
"2014-12-25",55.0000
"2014-12-26",42.8000
"2014-12-27",28.8000
"2014-12-28",55.2000
"2014-12-29",58.8000
"2014-12-30",38.4000
"2014-12-31",62.6000
"2014-02-01",49.6000
"2014-02-02",40.4000
"2014-02-03",40.0000
"2014-02-04",58.0000
"2014-02-05",68.6000
"2014-02-06",62.6000
"2014-02-07",57.4000
"2014-02-08",50.6000
"2014-02-09",63.2000
"2014-02-10",56.8000
"2014-02-11",63.2000
"2014-02-12",68.2000
"2014-02-13",70.8000
"2014-02-14",58.8000
"2014-02-15",65.0000
"2014-02-16",70.0000
"2014-02-17",94.8000
"2014-02-18",59.2000
"2014-02-19",68.4000
"2014-02-20",78.4000
"2014-02-21",59.8000
"2014-02-22",45.0000
"2014-02-23",45.8000
"2014-02-24",45.8000
"2014-02-25",51.2000
"2014-02-26",49.2000
"2014-02-27",64.6000
"2014-02-28",97.2000
"2014-01-01",64.0000
"2014-01-02",57.6000
"2014-01-03",71.6000
"2014-01-04",55.6000
"2014-01-05",37.6000
"2014-01-06",31.8000
"2014-01-07",44.2000
"2014-01-08",51.6000
"2014-01-09",49.2000
"2014-01-10",60.6000
"2014-01-11",80.4000
"2014-01-12",62.2000
"2014-01-13",52.6000
"2014-01-14",52.6000
"2014-01-15",45.6000
"2014-01-16",44.2000
"2014-01-17",51.0000
"2014-01-18",47.0000
"2014-01-19",48.4000
"2014-01-20",49.2000
"2014-01-21",45.4000
"2014-01-22",51.0000
"2014-01-23",45.4000
"2014-01-24",51.4000
"2014-01-25",48.4000
"2014-01-26",59.0000
"2014-01-27",58.0000
"2014-01-28",50.2500
"2014-01-29",42.2000
"2014-01-30",46.2000
"2014-01-31",46.8000
"2014-07-01",73.4000
"2014-07-02",65.8000
"2014-07-03",78.6000
"2014-07-04",75.2000
"2014-07-05",59.2000
"2014-07-06",52.4000
"2014-07-07",58.0000
"2014-07-08",62.0000
"2014-07-09",70.2000
"2014-07-10",62.0000
"2014-07-11",53.0000
"2014-07-12",60.0000
"2014-07-13",55.8000
"2014-07-14",62.6000
"2014-07-15",70.0000
"2014-07-16",68.8000
"2014-07-17",77.2000
"2014-07-18",68.8000
"2014-07-19",76.0000
"2014-07-20",62.0000
"2014-07-21",72.0000
"2014-07-22",78.2000
"2014-07-23",71.0000
"2014-07-24",57.0000
"2014-07-25",63.2000
"2014-07-26",55.8000
"2014-07-27",49.6000
"2014-07-28",78.2000
"2014-07-29",50.2000
"2014-07-30",51.6000
"2014-07-31",67.2000
"2014-06-01",92.2500
"2014-06-02",65.2500
"2014-06-03",74.5000
"2014-06-04",77.5000
"2014-06-05",93.5000
"2014-06-06",79.2000
"2014-06-07",86.4000
"2014-06-08",105.0000
"2014-06-09",71.4000
"2014-06-10",71.5000
"2014-06-11",94.5000
"2014-06-12",136.0000
"2014-06-13",140.0000
"2014-06-14",71.2500
"2014-06-15",54.7500
"2014-06-16",66.0000
"2014-06-17",84.5000
"2014-06-18",69.7500
"2014-06-19",65.8000
"2014-06-20",64.2000
"2014-06-21",62.6000
"2014-06-22",84.6000
"2014-06-23",76.0000
"2014-06-24",60.5000
"2014-06-25",65.5000
"2014-06-26",57.0000
"2014-06-27",78.4000
"2014-06-28",72.0000
"2014-06-29",76.0000
"2014-06-30",89.8000
"2014-03-01",74.2000
"2014-03-02",75.0000
"2014-03-03",95.4000
"2014-03-04",96.2000
"2014-03-05",69.8000
"2014-03-06",129.0000
"2014-03-07",89.2000
"2014-03-08",79.2000
"2014-03-09",74.6000
"2014-03-10",69.4000
"2014-03-11",81.4000
"2014-03-12",60.2000
"2014-03-13",80.2000
"2014-03-14",80.6000
"2014-03-15",103.8000
"2014-03-16",85.6000
"2014-03-17",106.4000
"2014-03-18",90.6000
"2014-03-19",81.6000
"2014-03-20",146.2000
"2014-03-21",73.5000
"2014-03-22",56.6000
"2014-03-23",61.8000
"2014-03-24",70.0000
"2014-03-25",56.6000
"2014-03-26",68.4000
"2014-03-27",101.0000
"2014-03-28",103.0000
"2014-03-29",102.2000
"2014-03-30",69.0000
"2014-03-31",65.6000
"2014-05-01",79.8000
"2014-05-02",84.2000
"2014-05-03",81.8000
"2014-05-04",71.0000
"2014-05-05",66.6000
"2014-05-06",69.8000
"2014-05-07",89.4000
"2014-05-08",82.8000
"2014-05-09",116.6000
"2014-05-10",102.6000
"2014-05-11",95.8000
"2014-05-12",94.0000
"2014-05-13",125.4000
"2014-05-14",107.0000
"2014-05-15",85.8000
"2014-05-16",65.0000
"2014-05-17",73.6000
"2014-05-18",103.8000
"2014-05-19",92.0000
"2014-05-20",82.0000
"2014-05-21",90.0000
"2014-05-22",71.6000
"2014-05-23",71.0000
"2014-05-24",76.0000
"2014-05-25",72.7500
"2014-05-26",65.0000
"2014-05-27",119.4000
"2014-05-28",93.6000
"2014-05-29",76.6000
"2014-05-30",80.8000
"2014-05-31",83.2500
"2014-11-01",72.0000
"2014-11-02",86.8000
"2014-11-03",73.2000
"2014-11-04",69.2000
"2014-11-05",55.4000
"2014-11-06",66.0000
"2014-11-07",71.2000
"2014-11-08",90.4000
"2014-11-09",71.6000
"2014-11-10",71.0000
"2014-11-11",65.4000
"2014-11-12",61.2000
"2014-11-13",72.6000
"2014-11-14",67.0000
"2014-11-15",68.8000
"2014-11-16",64.6000
"2014-11-17",47.0000
"2014-11-18",53.2000
"2014-11-19",75.2000
"2014-11-20",76.5000
"2014-11-21",65.7500
"2014-11-22",61.4000
"2014-11-23",54.6000
"2014-11-24",72.6000
"2014-11-25",48.8000
"2014-11-26",68.8000
"2014-11-27",72.2000
"2014-11-28",77.0000
"2014-11-29",60.2000
"2014-11-30",36.2000
"2014-10-01",67.4000
"2014-10-02",56.6000
"2014-10-03",57.4000
"2014-10-04",55.5000
"2014-10-05",63.7500
"2014-10-06",77.5000
"2014-10-07",64.5000
"2014-10-08",68.5000
"2014-10-09",56.5000
"2014-10-10",54.8000
"2014-10-11",76.8000
"2014-10-12",79.4000
"2014-10-13",83.2000
"2014-10-14",60.0000
"2014-10-15",72.2500
"2014-10-16",71.0000
"2014-10-17",67.2000
"2014-10-18",61.6000
"2014-10-19",62.6000
"2014-10-20",61.0000
"2014-10-21",58.2000
"2014-10-22",60.8000
"2014-10-23",90.5000
"2014-10-24",70.7500
"2014-10-25",78.2000
"2014-10-26",71.0000
"2014-10-27",63.0000
"2014-10-28",71.0000
"2014-10-29",62.4000
"2014-10-30",54.8000
"2014-10-31",59.8000
"2014-09-01",61.4000
"2014-09-02",75.8000
"2014-09-03",84.8000
"2014-09-04",81.4000
"2014-09-05",78.0000
"2014-09-06",90.0000
"2014-09-07",79.8000
"2014-09-08",73.2000
"2014-09-09",81.2000
"2014-09-10",73.4000
"2014-09-11",72.8000
"2014-09-12",74.2000
"2014-09-13",73.4000
"2014-09-14",70.4000
"2014-09-15",84.8000
"2014-09-16",82.2000
"2014-09-17",69.4000
"2014-09-18",69.2000
"2014-09-19",65.8000
"2014-09-20",63.8000
"2014-09-21",78.0000
"2014-09-22",69.0000
"2014-09-23",63.4000
"2014-09-24",65.0000
"2014-09-25",93.6000
"2014-09-26",82.6000
"2014-09-27",71.8000
"2014-09-28",75.2000
"2014-09-29",67.6000
"2014-09-30",59.8000
"2015-08-01",74.4000
"2015-08-02",82.0000
"2015-08-03",63.8000
"2015-08-04",85.2000
"2015-08-05",75.6000
"2015-08-06",74.6000
"2015-08-07",75.0000
"2015-08-08",76.0000
"2015-08-09",72.0000
"2015-08-10",61.0000
"2015-08-11",65.4000
"2015-08-12",66.8000
"2015-08-13",75.0000
"2015-08-14",58.4000
"2015-08-15",63.0000
"2015-08-16",62.8000
"2015-08-17",62.2000
"2015-08-18",66.2000
"2015-08-19",70.6000
"2015-08-20",79.6000
"2015-08-21",80.0000
"2015-08-22",81.0000
"2015-08-23",74.2000
"2015-08-24",75.0000
"2015-08-25",82.0000
"2015-08-26",82.0000
"2015-08-27",77.8000
"2015-08-28",72.6000
"2015-08-29",76.4000
"2015-08-30",67.8000
"2015-08-31",82.0000
"2015-04-01",64.2000
"2015-04-02",71.2000
"2015-04-03",50.4000
"2015-04-04",91.2000
"2015-04-05",71.4000
"2015-04-06",62.6000
"2015-04-07",42.2000
"2015-04-08",65.8000
"2015-04-09",66.0000
"2015-04-10",77.0000
"2015-04-11",54.2000
"2015-04-12",66.8000
"2015-04-13",60.8000
"2015-04-14",67.6000
"2015-04-15",64.4000
"2015-04-16",73.8000
"2015-04-17",58.6000
"2015-04-18",67.0000
"2015-04-19",85.0000
"2015-04-20",79.8000
"2015-04-21",82.6000
"2015-04-22",81.6000
"2015-04-23",35.8000
"2015-04-24",29.6000
"2015-04-25",30.2000
"2015-04-26",38.8000
"2015-04-27",41.2000
"2015-04-28",34.2000
"2015-04-29",33.6000
"2015-04-30",38.2000
"2015-12-01",81.2000
"2015-12-02",81.4000
"2015-12-03",71.0000
"2015-12-04",68.2000
"2015-12-05",77.8000
"2015-12-06",68.4000
"2015-12-07",49.2000
"2015-12-08",52.4000
"2015-12-09",57.0000
"2015-12-10",69.0000
"2015-12-11",66.8000
"2015-12-12",59.0000
"2015-12-13",51.6000
"2015-12-14",29.4000
"2015-12-15",29.4000
"2015-12-16",30.6000
"2015-12-17",28.4000
"2015-12-18",40.4000
"2015-12-19",55.6000
"2015-12-20",55.6000
"2015-12-21",33.0000
"2015-12-22",29.4000
"2015-12-23",31.6000
"2015-12-24",33.4000
"2015-12-25",43.4000
"2015-12-26",42.6000
"2015-12-27",47.2000
"2015-12-28",43.0000
"2015-12-29",50.6000
"2015-12-30",43.8000
"2015-12-31",36.8000
"2015-02-01",36.2500
"2015-02-02",49.0000
"2015-02-03",62.7500
"2015-02-04",62.0000
"2015-02-05",48.0000
"2015-02-06",37.7500
"2015-02-07",44.0000
"2015-02-08",40.5000
"2015-02-09",33.5000
"2015-02-10",29.2500
"2015-02-11",54.7500
"2015-02-12",62.0000
"2015-02-13",44.2500
"2015-02-14",53.4000
"2015-02-15",57.0000
"2015-02-16",60.8000
"2015-02-17",45.2000
"2015-02-18",54.0000
"2015-02-19",38.8000
"2015-02-20",46.6000
"2015-02-21",72.6000
"2015-02-22",54.8000
"2015-02-23",46.0000
"2015-02-24",60.6000
"2015-02-25",86.0000
"2015-02-26",107.6000
"2015-02-27",100.8000
"2015-02-28",67.0000
"2015-01-01",35.6000
"2015-01-02",24.2000
"2015-01-03",31.8000
"2015-01-04",28.2000
"2015-01-05",22.6000
"2015-01-06",22.8000
"2015-01-07",30.6000
"2015-01-08",35.2000
"2015-01-09",24.0000
"2015-01-10",27.2000
"2015-01-11",31.6000
"2015-01-12",32.0000
"2015-01-13",36.0000
"2015-01-14",38.0000
"2015-01-15",34.2000
"2015-01-16",54.0000
"2015-01-17",37.4000
"2015-01-18",41.6000
"2015-01-19",47.8000
"2015-01-20",67.0000
"2015-01-21",49.2000
"2015-01-22",41.8000
"2015-01-23",46.8000
"2015-01-24",68.0000
"2015-01-25",44.7500
"2015-01-26",52.2500
"2015-01-27",58.5000
"2015-01-28",58.0000
"2015-01-29",50.6000
"2015-01-30",41.4000
"2015-01-31",40.2000
"2015-07-01",76.2000
"2015-07-02",78.4000
"2015-07-03",86.2500
"2015-07-04",82.6667
"2015-07-05",99.2500
"2015-07-06",84.0000
"2015-07-07",91.5000
"2015-07-08",85.7500
"2015-07-09",81.0000
"2015-07-10",74.6000
"2015-07-11",66.8000
"2015-07-12",59.2000
"2015-07-13",53.2000
"2015-07-14",57.6000
"2015-07-15",48.7500
"2015-07-16",45.8000
"2015-07-17",49.2000
"2015-07-18",50.0000
"2015-07-19",48.8000
"2015-07-20",50.8000
"2015-07-21",54.8000
"2015-07-22",55.6000
"2015-07-23",56.6000
"2015-07-24",55.0000
"2015-07-25",63.4000
"2015-07-26",77.8000
"2015-07-27",65.2000
"2015-07-28",57.4000
"2015-07-29",59.4000
"2015-07-30",66.4000
"2015-07-31",71.4000
"2015-06-01",50.6000
"2015-06-02",77.2000
"2015-06-03",65.8000
"2015-06-04",62.2000
"2015-06-05",52.0000
"2015-06-06",67.4000
"2015-06-07",68.0000
"2015-06-08",69.4000
"2015-06-09",63.2000
"2015-06-10",73.8000
"2015-06-11",76.8000
"2015-06-12",79.6000
"2015-06-13",80.8000
"2015-06-14",83.2000
"2015-06-15",76.6000
"2015-06-16",90.2000
"2015-06-17",84.4000
"2015-06-18",76.4000
"2015-06-19",81.0000
"2015-06-20",70.2000
"2015-06-21",85.8000
"2015-06-22",84.2000
"2015-06-23",87.4000
"2015-06-24",85.0000
"2015-06-25",83.4000
"2015-06-26",84.6000
"2015-06-27",81.2000
"2015-06-28",74.2000
"2015-06-29",90.8000
"2015-06-30",89.2000
"2015-03-01",62.2000
"2015-03-02",45.2000
"2015-03-03",43.2000
"2015-03-04",47.4000
"2015-03-05",39.6000
"2015-03-06",60.4000
"2015-03-07",45.2000
"2015-03-08",37.4000
"2015-03-09",46.2500
"2015-03-10",55.2000
"2015-03-11",49.4000
"2015-03-12",39.8000
"2015-03-13",60.0000
"2015-03-14",61.4000
"2015-03-15",53.6000
"2015-03-16",50.8000
"2015-03-17",62.8000
"2015-03-18",82.6000
"2015-03-19",88.0000
"2015-03-20",92.8000
"2015-03-21",75.0000
"2015-03-22",80.2000
"2015-03-23",98.4000
"2015-03-24",78.6000
"2015-03-25",65.2000
"2015-03-26",57.0000
"2015-03-27",65.2000
"2015-03-28",62.8000
"2015-03-29",63.2000
"2015-03-30",63.8000
"2015-03-31",63.0000
"2015-05-01",82.2000
"2015-05-02",73.8000
"2015-05-03",73.4000
"2015-05-04",52.8000
"2015-05-05",62.8000
"2015-05-06",69.2500
"2015-05-07",61.2500
"2015-05-08",57.4000
"2015-05-09",69.8000
"2015-05-10",55.4000
"2015-05-11",51.0000
"2015-05-12",57.4000
"2015-05-13",60.6000
"2015-05-14",52.8000
"2015-05-15",58.4000
"2015-05-16",67.0000
"2015-05-17",62.0000
"2015-05-18",67.8000
"2015-05-19",87.8000
"2015-05-20",84.8000
"2015-05-21",76.6000
"2015-05-22",84.2000
"2015-05-23",81.0000
"2015-05-24",69.4000
"2015-05-25",74.2000
"2015-05-26",76.2000
"2015-05-27",68.6000
"2015-05-28",47.0000
"2015-05-29",44.0000
"2015-05-30",59.6000
"2015-05-31",60.2000
"2015-11-01",91.2000
"2015-11-02",83.2000
"2015-11-03",75.4000
"2015-11-04",70.8000
"2015-11-05",84.0000
"2015-11-06",80.0000
"2015-11-07",77.6000
"2015-11-08",76.8000
"2015-11-09",75.0000
"2015-11-10",82.4000
"2015-11-11",86.0000
"2015-11-12",85.2000
"2015-11-13",63.6000
"2015-11-14",60.2000
"2015-11-15",66.4000
"2015-11-16",63.4000
"2015-11-17",67.4000
"2015-11-18",70.4000
"2015-11-19",60.6000
"2015-11-20",75.6000
"2015-11-21",72.4000
"2015-11-22",74.2000
"2015-11-23",65.4000
"2015-11-24",67.6000
"2015-11-25",82.0000
"2015-11-26",80.0000
"2015-11-27",71.4000
"2015-11-28",108.8000
"2015-11-29",74.4000
"2015-11-30",85.4000
"2015-10-01",80.8000
"2015-10-02",70.2000
"2015-10-03",66.2000
"2015-10-04",80.5000
"2015-10-05",74.0000
"2015-10-06",85.2000
"2015-10-07",79.0000
"2015-10-08",73.6000
"2015-10-09",70.8000
"2015-10-10",73.8000
"2015-10-11",66.2000
"2015-10-12",72.0000
"2015-10-13",69.4000
"2015-10-14",70.2000
"2015-10-15",78.6000
"2015-10-16",65.5000
"2015-10-17",69.5000
"2015-10-18",90.7500
"2015-10-19",86.2500
"2015-10-20",81.2000
"2015-10-21",78.2000
"2015-10-22",65.2000
"2015-10-23",82.6000
"2015-10-24",98.0000
"2015-10-25",84.0000
"2015-10-26",89.6000
"2015-10-27",98.8000
"2015-10-28",85.6000
"2015-10-29",83.0000
"2015-10-30",78.6000
"2015-10-31",102.2000
"2015-09-01",67.4000
"2015-09-02",68.2000
"2015-09-03",71.8000
"2015-09-04",67.0000
"2015-09-05",62.6000
"2015-09-06",72.0000
"2015-09-07",69.6000
"2015-09-08",76.0000
"2015-09-09",77.8000
"2015-09-10",75.6000
"2015-09-11",65.8000
"2015-09-12",66.0000
"2015-09-13",73.8000
"2015-09-14",88.2000
"2015-09-15",73.0000
"2015-09-16",66.0000
"2015-09-17",75.0000
"2015-09-18",69.2000
"2015-09-19",70.8000
"2015-09-20",80.4000
"2015-09-21",82.0000
"2015-09-22",86.2000
"2015-09-23",87.0000
"2015-09-24",86.8000
"2015-09-25",83.0000
"2015-09-26",67.6000
"2015-09-27",70.8000
"2015-09-28",71.4000
"2015-09-29",74.2000
"2015-09-30",67.0000
"2016-08-01",74.5556
"2016-08-02",96.4444
"2016-08-03",92.1111
"2016-08-04",84.7778
"2016-08-05",73.5556
"2016-08-06",68.8889
"2016-08-07",67.2222
"2016-08-08",71.6667
"2016-08-09",67.5556
"2016-08-10",73.8889
"2016-08-11",66.4444
"2016-08-12",75.1111
"2016-08-13",69.7778
"2016-08-14",62.8889
"2016-08-15",94.0000
"2016-08-16",77.3333
"2016-08-17",67.6667
"2016-08-18",69.0000
"2016-08-19",64.7778
"2016-08-20",69.1111
"2016-08-21",62.2222
"2016-08-22",60.0000
"2016-08-23",78.6667
"2016-08-24",70.8889
"2016-08-25",77.3333
"2016-08-26",64.4444
"2016-08-27",72.5556
"2016-08-28",61.7778
"2016-08-29",72.3333
"2016-08-30",70.2222
"2016-08-31",74.2000
"2016-04-01",77.2000
"2016-04-02",70.6000
"2016-04-03",63.6000
"2016-04-04",52.8000
"2016-04-05",54.2000
"2016-04-06",71.4000
"2016-04-07",62.2000
"2016-04-08",58.8000
"2016-04-09",78.4000
"2016-04-10",63.6000
"2016-04-11",85.4000
"2016-04-12",76.2000
"2016-04-13",62.2000
"2016-04-14",90.2000
"2016-04-15",82.2500
"2016-04-16",63.0000
"2016-04-17",58.6000
"2016-04-18",59.8000
"2016-04-19",59.0000
"2016-04-20",62.8000
"2016-04-21",82.4000
"2016-04-22",57.2000
"2016-04-23",55.0000
"2016-04-24",52.0000
"2016-04-25",61.2000
"2016-04-26",63.0000
"2016-04-27",67.0000
"2016-04-28",67.0000
"2016-04-29",59.2000
"2016-04-30",65.4000
"2016-12-01",55.2000
"2016-12-02",36.0000
"2016-12-03",30.0000
"2016-12-04",33.6000
"2016-12-05",29.2000
"2016-12-06",33.8000
"2016-12-07",45.8000
"2016-12-08",58.0000
"2016-12-09",41.0000
"2016-12-10",36.2000
"2016-12-11",37.4000
"2016-12-12",50.6667
"2016-12-13",39.2000
"2016-12-14",41.0000
"2016-12-15",43.2000
"2016-12-16",35.4000
"2016-12-17",36.2500
"2016-12-18",40.2500
"2016-12-19",31.2500
"2016-12-20",28.2000
"2016-12-21",27.0000
"2016-12-22",29.2000
"2016-12-23",30.0000
"2016-12-24",30.6000
"2016-12-25",32.2000
"2016-12-26",56.2000
"2016-12-27",43.4000
"2016-12-28",32.4000
"2016-12-29",36.4000
"2016-12-30",50.8000
"2016-12-31",53.4000
"2016-02-01",56.6667
"2016-02-02",48.6667
"2016-02-03",56.0000
"2016-02-04",60.5000
"2016-02-05",56.5000
"2016-02-06",69.5000
"2016-02-07",54.7500
"2016-02-08",45.2500
"2016-02-09",39.2500
"2016-02-10",39.6000
"2016-02-11",51.4000
"2016-02-12",45.8000
"2016-02-13",78.4000
"2016-02-14",82.0000
"2016-02-15",54.2000
"2016-02-16",59.6000
"2016-02-17",52.0000
"2016-02-18",61.6000
"2016-02-19",73.0000
"2016-02-20",69.4000
"2016-02-21",63.8000
"2016-02-22",57.2000
"2016-02-23",64.8000
"2016-02-24",56.0000
"2016-02-25",46.0000
"2016-02-26",47.6000
"2016-02-27",52.0000
"2016-02-28",51.4000
"2016-02-29",50.0000
"2016-01-01",61.4000
"2016-01-02",46.2000
"2016-01-03",44.6000
"2016-01-04",72.0000
"2016-01-05",71.6000
"2016-01-06",63.2000
"2016-01-07",62.0000
"2016-01-08",54.2000
"2016-01-09",62.8000
"2016-01-10",73.4000
"2016-01-11",74.4000
"2016-01-12",57.8000
"2016-01-13",57.2000
"2016-01-14",50.6000
"2016-01-15",60.2000
"2016-01-16",78.4000
"2016-01-17",111.0000
"2016-01-18",82.0000
"2016-01-19",73.6000
"2016-01-20",57.4000
"2016-01-21",59.2000
"2016-01-22",59.4000
"2016-01-23",43.8000
"2016-01-24",43.4000
"2016-01-25",42.0000
"2016-01-26",54.8000
"2016-01-27",69.2000
"2016-01-28",67.0000
"2016-01-29",77.0000
"2016-01-30",68.0000
"2016-01-31",58.3333
"2016-07-01",76.4000
"2016-07-02",89.2000
"2016-07-03",56.2000
"2016-07-04",45.0000
"2016-07-05",52.8000
"2016-07-06",56.2000
"2016-07-07",52.4000
"2016-07-08",53.7500
"2016-07-09",60.6000
"2016-07-10",59.0000
"2016-07-11",58.2000
"2016-07-12",56.8000
"2016-07-13",76.2000
"2016-07-14",71.2000
"2016-07-15",53.0000
"2016-07-16",52.2000
"2016-07-17",63.2000
"2016-07-18",91.2500
"2016-07-19",88.4000
"2016-07-20",69.6000
"2016-07-21",75.8000
"2016-07-22",61.4000
"2016-07-23",72.4000
"2016-07-24",82.6000
"2016-07-25",72.6000
"2016-07-26",104.2000
"2016-07-27",102.2000
"2016-07-28",68.2500
"2016-07-29",80.0000
"2016-07-30",94.6000
"2016-07-31",77.0000
"2016-06-01",92.0000
"2016-06-02",67.4000
"2016-06-03",89.8000
"2016-06-04",80.8000
"2016-06-05",76.0000
"2016-06-06",98.2000
"2016-06-07",69.7500
"2016-06-08",67.8000
"2016-06-09",53.4000
"2016-06-10",69.6000
"2016-06-11",58.0000
"2016-06-12",87.4000
"2016-06-13",82.6000
"2016-06-14",79.8000
"2016-06-15",64.2000
"2016-06-16",55.2000
"2016-06-17",59.6000
"2016-06-18",37.8000
"2016-06-19",89.4000
"2016-06-20",83.4000
"2016-06-21",99.4000
"2016-06-22",99.8000
"2016-06-23",71.4000
"2016-06-24",94.2500
"2016-06-25",86.0000
"2016-06-26",76.8000
"2016-06-27",61.0000
"2016-06-28",85.0000
"2016-06-29",72.6000
"2016-06-30",63.0000
"2016-03-01",38.0000
"2016-03-02",44.0000
"2016-03-03",50.8000
"2016-03-04",52.4000
"2016-03-05",49.8000
"2016-03-06",67.6000
"2016-03-07",67.8000
"2016-03-08",64.6000
"2016-03-09",79.0000
"2016-03-10",101.0000
"2016-03-11",79.8000
"2016-03-12",69.2000
"2016-03-13",66.8000
"2016-03-14",66.4000
"2016-03-15",111.8000
"2016-03-16",78.0000
"2016-03-17",74.0000
"2016-03-18",49.0000
"2016-03-19",66.4000
"2016-03-20",62.6000
"2016-03-21",54.4000
"2016-03-22",69.8000
"2016-03-23",46.8000
"2016-03-24",78.2000
"2016-03-25",83.4000
"2016-03-26",70.8000
"2016-03-27",58.2000
"2016-03-28",44.5000
"2016-03-29",60.6000
"2016-03-30",69.6000
"2016-03-31",72.0000
"2016-05-01",56.5000
"2016-05-02",57.7500
"2016-05-03",59.6000
"2016-05-04",66.4000
"2016-05-05",56.4000
"2016-05-06",96.2000
"2016-05-07",76.0000
"2016-05-08",74.2000
"2016-05-09",97.2000
"2016-05-10",69.8000
"2016-05-11",67.2000
"2016-05-12",75.0000
"2016-05-13",69.0000
"2016-05-14",70.6000
"2016-05-15",59.0000
"2016-05-16",58.8000
"2016-05-17",80.2000
"2016-05-18",70.4000
"2016-05-19",93.0000
"2016-05-20",77.4000
"2016-05-21",64.8000
"2016-05-22",84.4000
"2016-05-23",88.2000
"2016-05-24",74.4000
"2016-05-25",61.8000
"2016-05-26",68.8000
"2016-05-27",78.2000
"2016-05-28",87.0000
"2016-05-29",52.4000
"2016-05-30",67.0000
"2016-05-31",84.8000
"2016-11-01",49.2000
"2016-11-02",43.4000
"2016-11-03",54.2000
"2016-11-04",101.0000
"2016-11-05",109.0000
"2016-11-06",138.6000
"2016-11-07",109.8000
"2016-11-11",83.8000
"2016-11-10",81.2500
"2016-11-12",75.6000
"2016-11-13",55.4000
"2016-11-14",94.4000
"2016-11-15",58.4000
"2016-11-16",93.6000
"2016-11-17",82.0000
"2016-11-18",68.6000
"2016-11-19",69.5000
"2016-11-20",58.5000
"2016-11-21",58.0000
"2016-11-22",94.2000
"2016-11-23",94.8000
"2016-11-24",69.4000
"2016-11-25",41.0000
"2016-11-26",75.8000
"2016-11-27",83.8000
"2016-11-28",68.4000
"2016-11-29",57.6000
"2016-11-30",58.2000
"2016-10-01",55.2000
"2016-10-02",40.2000
"2016-10-03",91.8000
"2016-10-04",93.4000
"2016-10-05",106.6000
"2016-10-06",97.8000
"2016-10-07",100.8000
"2016-10-10",69.2000
"2016-10-09",72.8000
"2016-10-11",65.0000
"2016-10-12",65.0000
"2016-10-13",67.0000
"2016-10-14",62.4000
"2016-10-15",50.8000
"2016-10-16",54.0000
"2016-10-17",92.8000
"2016-10-18",85.2000
"2016-10-19",65.6000
"2016-10-20",83.0000
"2016-10-21",79.8000
"2016-10-22",79.4000
"2016-10-23",41.4000
"2016-10-24",89.4000
"2016-10-25",71.6000
"2016-10-26",70.4000
"2016-10-27",79.0000
"2016-10-28",79.4000
"2016-10-29",62.4000
"2016-10-30",80.0000
"2016-10-31",79.2000
"2016-09-01",33.0000
"2016-09-02",66.0000
"2016-09-03",43.0000
"2016-09-04",29.0000
"2016-09-05",29.0000
"2016-09-06",30.0000
"2016-09-07",55.0000
"2016-09-08",60.0000
"2016-09-09",79.0000
"2016-09-10",69.0000
"2016-09-11",57.0000
"2016-09-12",49.0000
"2016-09-13",59.0000
"2016-09-14",53.0000
"2016-09-15",43.0000
"2016-09-16",79.0000
"2016-09-17",59.0000
"2016-09-18",33.0000
"2016-09-19",59.0000
"2016-09-20",66.0000
"2016-09-21",33.0000
"2016-09-22",48.0000
"2016-09-23",45.0000
"2016-09-24",52.0000
"2016-09-25",55.0000
"2016-09-26",31.0000
"2016-09-27",62.0000
"2016-09-28",58.0000
"2016-09-29",30.0000
"2016-09-30",52.0000
"2017-08-01",72.0000
"2017-08-02",65.8000
"2017-08-03",83.4000
"2017-08-04",89.0000
"2017-08-05",84.0000
"2017-08-06",86.4000
"2017-08-07",78.0000
"2017-08-08",92.8000
"2017-08-09",117.6000
"2017-08-10",86.6000
"2017-08-11",94.0000
"2017-08-12",76.4000
"2017-08-13",70.4000
"2017-08-14",108.0000
"2017-08-15",103.4000
"2017-08-16",91.0000
"2017-08-17",103.0000
"2017-08-18",83.2000
"2017-08-19",61.6000
"2017-08-20",76.2000
"2017-08-21",74.4000
"2017-08-22",97.6000
"2017-08-23",83.2000
"2017-08-24",63.2000
"2017-08-25",68.4000
"2017-08-26",63.8000
"2017-08-27",65.0000
"2017-08-28",61.0000
"2017-08-29",123.4000
"2017-08-30",63.4000
"2017-08-31",73.0000
"2017-04-01",71.6000
"2017-04-02",72.2000
"2017-04-03",49.6000
"2017-04-04",85.5000
"2017-04-05",44.2000
"2017-04-06",29.8000
"2017-04-07",39.4000
"2017-04-08",28.6000
"2017-04-09",31.2000
"2017-04-10",65.7500
"2017-04-11",94.4000
"2017-04-12",79.4000
"2017-04-13",77.0000
"2017-04-14",60.8000
"2017-04-15",68.2000
"2017-04-16",77.0000
"2017-04-17",83.2000
"2017-04-18",95.6000
"2017-04-19",117.7500
"2017-04-20",94.0000
"2017-04-21",87.8000
"2017-04-22",71.4000
"2017-04-23",80.2000
"2017-04-24",67.0000
"2017-04-25",76.0000
"2017-04-26",50.6000
"2017-04-27",71.0000
"2017-04-28",63.2000
"2017-04-29",45.6000
"2017-04-30",92.6000
"2017-12-01",31.6000
"2017-12-02",37.0000
"2017-12-03",39.4000
"2017-12-04",36.0000
"2017-12-05",40.4000
"2017-12-06",73.8000
"2017-12-07",57.8000
"2017-12-08",59.2500
"2017-12-09",47.7500
"2017-12-10",35.2500
"2017-12-11",34.2000
"2017-12-12",38.2500
"2017-12-13",35.4000
"2017-12-14",48.6000
"2017-12-15",42.2500
"2017-12-16",52.2000
"2017-12-17",38.2000
"2017-12-18",36.0000
"2017-12-19",39.8000
"2017-12-20",42.2000
"2017-12-21",41.4000
"2017-12-22",40.4000
"2017-12-23",41.2000
"2017-12-24",38.0000
"2017-12-25",28.0000
"2017-12-26",34.6000
"2017-12-27",37.8000
"2017-12-28",39.6000
"2017-12-29",63.2000
"2017-12-30",59.2000
"2017-12-31",47.4000
"2017-02-01",37.8000
"2017-02-02",39.4000
"2017-02-03",40.2000
"2017-02-04",32.2000
"2017-02-05",32.0000
"2017-02-06",28.5000
"2017-02-07",34.2500
"2017-02-08",29.6000
"2017-02-09",35.2000
"2017-02-10",35.0000
"2017-02-11",39.6000
"2017-02-12",39.6000
"2017-02-13",46.2000
"2017-02-14",47.2000
"2017-02-15",48.2000
"2017-02-16",42.4000
"2017-02-17",52.7500
"2017-02-18",56.5000
"2017-02-19",68.0000
"2017-02-20",49.2000
"2017-02-21",56.4000
"2017-02-22",88.2000
"2017-02-23",101.2000
"2017-02-24",79.2000
"2017-02-25",72.4000
"2017-02-26",72.2000
"2017-02-27",60.0000
"2017-02-28",70.8000
"2017-01-01",64.0000
"2017-01-02",38.2000
"2017-01-03",47.8000
"2017-01-04",58.2000
"2017-01-05",51.8000
"2017-01-06",52.6000
"2017-01-07",51.0000
"2017-01-08",45.6000
"2017-01-09",48.0000
"2017-01-10",59.4000
"2017-01-11",48.8000
"2017-01-12",39.6000
"2017-01-13",28.8000
"2017-01-14",27.8000
"2017-01-15",28.4000
"2017-01-16",29.3333
"2017-01-17",34.7500
"2017-01-18",28.0000
"2017-01-19",26.0000
"2017-01-20",25.8000
"2017-01-21",43.4000
"2017-01-22",48.6000
"2017-01-23",41.2000
"2017-01-24",27.6000
"2017-01-25",30.2000
"2017-01-26",38.2000
"2017-01-27",48.8000
"2017-01-28",42.6000
"2017-01-29",35.4000
"2017-01-30",42.4000
"2017-01-31",36.2000
"2017-07-01",50.0000
"2017-07-02",52.0000
"2017-07-03",51.4000
"2017-07-04",65.0000
"2017-07-05",80.8000
"2017-07-06",90.0000
"2017-07-07",122.4000
"2017-07-08",99.2000
"2017-07-09",68.8000
"2017-07-10",63.2000
"2017-07-11",64.4000
"2017-07-12",72.4000
"2017-07-13",96.8000
"2017-07-14",93.4000
"2017-07-15",65.6000
"2017-07-16",79.0000
"2017-07-17",101.0000
"2017-07-18",94.4000
"2017-07-19",114.0000
"2017-07-20",82.8000
"2017-07-21",111.4000
"2017-07-22",105.6000
"2017-07-23",71.8000
"2017-07-24",84.6000
"2017-07-25",75.0000
"2017-07-26",73.6000
"2017-07-27",96.0000
"2017-07-28",79.2000
"2017-07-29",55.4000
"2017-07-30",81.0000
"2017-07-31",91.2500
"2017-06-01",34.6000
"2017-06-02",71.0000
"2017-06-03",81.4000
"2017-06-04",81.2000
"2017-06-05",77.0000
"2017-06-06",67.6000
"2017-06-07",58.6000
"2017-06-08",54.2000
"2017-06-09",62.6000
"2017-06-10",78.6000
"2017-06-11",77.2000
"2017-06-12",62.8000
"2017-06-13",78.0000
"2017-06-14",70.4000
"2017-06-15",65.2000
"2017-06-16",58.6000
"2017-06-17",66.2000
"2017-06-18",72.8000
"2017-06-19",84.6000
"2017-06-20",96.4000
"2017-06-21",70.8000
"2017-06-22",76.6000
"2017-06-23",79.8000
"2017-06-24",53.2000
"2017-06-25",56.8000
"2017-06-26",37.0000
"2017-06-27",41.2000
"2017-06-28",51.0000
"2017-06-29",53.6000
"2017-06-30",52.6000
"2017-03-01",60.0000
"2017-03-02",62.8000
"2017-03-03",56.0000
"2017-03-04",76.8000
"2017-03-05",64.6000
"2017-03-06",54.4000
"2017-03-07",52.6000
"2017-03-08",72.4000
"2017-03-09",102.4000
"2017-03-10",71.0000
"2017-03-11",79.2000
"2017-03-12",64.4000
"2017-03-13",67.4000
"2017-03-14",64.2000
"2017-03-15",44.2000
"2017-03-16",97.8000
"2017-03-17",86.4000
"2017-03-18",56.0000
"2017-03-19",58.0000
"2017-03-20",37.0000
"2017-03-21",45.5000
"2017-03-22",45.0000
"2017-03-23",52.2000
"2017-03-24",105.4000
"2017-03-25",60.6000
"2017-03-26",58.8000
"2017-03-27",68.0000
"2017-03-28",69.8000
"2017-03-29",60.6000
"2017-03-30",41.2000
"2017-03-31",30.7500
"2017-05-01",90.6000
"2017-05-02",76.8000
"2017-05-03",81.6000
"2017-05-04",74.6000
"2017-05-05",64.8000
"2017-05-06",54.8000
"2017-05-07",61.2000
"2017-05-08",61.4000
"2017-05-09",65.6000
"2017-05-10",68.2000
"2017-05-11",97.6000
"2017-05-12",99.6000
"2017-05-13",82.2000
"2017-05-14",77.6000
"2017-05-15",91.8000
"2017-05-16",91.4000
"2017-05-17",85.0000
"2017-05-18",85.2000
"2017-05-19",100.6000
"2017-05-20",85.4000
"2017-05-21",70.6000
"2017-05-22",68.6000
"2017-05-23",89.8000
"2017-05-24",89.4000
"2017-05-25",86.0000
"2017-05-26",118.6000
"2017-05-27",114.6000
"2017-05-28",67.6000
"2017-05-29",53.8000
"2017-05-30",57.6000
"2017-05-31",51.2000
"2017-11-01",92.4000
"2017-11-02",110.4000
"2017-11-03",104.4000
"2017-11-04",77.4000
"2017-11-05",67.4000
"2017-11-06",53.4000
"2017-11-07",47.6000
"2017-11-08",53.6000
"2017-11-09",60.8000
"2017-11-10",84.8000
"2017-11-11",92.2000
"2017-11-12",85.0000
"2017-11-13",59.8000
"2017-11-14",82.6000
"2017-11-15",99.6000
"2017-11-16",104.2000
"2017-11-17",84.2000
"2017-11-18",78.6000
"2017-11-19",76.6000
"2017-11-20",92.2000
"2017-11-21",126.2000
"2017-11-22",93.0000
"2017-11-23",59.5000
"2017-11-24",43.4000
"2017-11-25",40.2000
"2017-11-26",39.2000
"2017-11-27",37.6000
"2017-11-28",37.2000
"2017-11-29",40.6000
"2017-11-30",38.0000
"2017-10-01",61.8000
"2017-10-02",60.0000
"2017-10-03",67.6000
"2017-10-04",76.0000
"2017-10-05",65.6000
"2017-10-06",60.6000
"2017-10-07",94.4000
"2017-10-08",64.8000
"2017-10-09",71.8000
"2017-10-10",72.2000
"2017-10-11",82.6000
"2017-10-12",88.0000
"2017-10-13",97.0000
"2017-10-14",79.0000
"2017-10-15",84.4000
"2017-10-16",58.2000
"2017-10-17",87.6000
"2017-10-18",95.2000
"2017-10-19",62.8000
"2017-10-20",94.6000
"2017-10-21",90.2000
"2017-10-22",68.6000
"2017-10-23",70.6000
"2017-10-24",82.2000
"2017-10-25",68.2000
"2017-10-26",56.8000
"2017-10-27",82.4000
"2017-10-28",72.6000
"2017-10-29",71.2000
"2017-10-30",71.8000
"2017-10-31",87.0000
"2017-09-01",68.8000
"2017-09-02",79.8000
"2017-09-03",79.6000
"2017-09-04",133.6000
"2017-09-05",79.8000
"2017-09-06",66.6000
"2017-09-07",61.0000
"2017-09-08",72.4000
"2017-09-09",71.8000
"2017-09-10",84.8000
"2017-09-11",89.0000
"2017-09-12",79.0000
"2017-09-13",123.6000
"2017-09-14",109.0000
"2017-09-15",101.8000
"2017-09-16",69.8000
"2017-09-17",73.6000
"2017-09-18",61.5000
"2017-09-19",77.8000
"2017-09-20",81.4000
"2017-09-21",72.2000
"2017-09-22",127.6000
"2017-09-23",118.6000
"2017-09-24",90.0000
"2017-09-25",85.0000
"2017-09-26",67.4000
"2017-09-27",50.4000
"2017-09-28",99.8000
"2017-09-29",98.0000
"2017-09-30",60.6000
"2018-08-01",98.7778
"2018-08-02",113.4444
"2018-08-03",125.6667
"2018-08-04",110.0000
"2018-08-05",112.1111
"2018-08-06",113.1111
"2018-08-07",101.7778
"2018-08-08",98.8889
"2018-08-09",114.0000
"2018-08-10",101.7778
"2018-08-11",98.8889
"2018-08-12",86.0000
"2018-08-13",81.7500
"2018-08-14",90.6250
"2018-08-15",98.7500
"2018-08-16",89.3750
"2018-08-17",102.7500
"2018-08-18",94.7500
"2018-08-19",84.3333
"2018-08-20",75.5000
"2018-08-21",89.6250
"2018-08-22",101.3750
"2018-08-23",105.7500
"2018-08-24",85.3750
"2018-08-25",99.7500
"2018-08-26",88.2500
"2018-08-27",106.3750
"2018-08-28",104.8750
"2018-08-29",99.5000
"2018-08-30",106.6250
"2018-08-31",80.1250
"2018-04-01",43.6000
"2018-04-02",46.8000
"2018-04-03",55.0000
"2018-04-04",61.2000
"2018-04-05",124.4000
"2018-04-06",92.4000
"2018-04-07",57.0000
"2018-04-08",41.6000
"2018-04-09",49.8000
"2018-04-10",50.6000
"2018-04-11",73.6000
"2018-04-12",56.8000
"2018-04-13",75.2500
"2018-04-14",80.2500
"2018-04-15",83.2000
"2018-04-16",90.6000
"2018-04-17",81.0000
"2018-04-18",73.2000
"2018-04-19",89.8000
"2018-04-20",72.2000
"2018-04-21",92.6000
"2018-04-22",76.0000
"2018-04-23",57.4000
"2018-04-24",68.0000
"2018-04-25",58.0000
"2018-04-26",59.0000
"2018-04-27",51.4000
"2018-04-28",69.2000
"2018-04-29",79.4000
"2018-04-30",61.5000
"2018-02-01",51.4000
"2018-02-02",55.2000
"2018-02-03",45.2000
"2018-02-04",44.0000
"2018-02-05",47.0000
"2018-02-06",57.2000
"2018-02-07",64.0000
"2018-02-08",64.5000
"2018-02-09",58.8000
"2018-02-10",45.0000
"2018-02-11",42.6000
"2018-02-12",55.4000
"2018-02-13",58.2000
"2018-02-14",55.0000
"2018-02-15",45.8000
"2018-02-16",45.0000
"2018-02-17",41.8000
"2018-02-18",56.2000
"2018-02-19",47.4000
"2018-02-20",44.8000
"2018-02-21",56.2000
"2018-02-22",48.4000
"2018-02-23",63.2000
"2018-02-24",57.0000
"2018-02-25",67.4000
"2018-02-26",64.6000
"2018-02-27",51.2000
"2018-02-28",57.2000
"2018-01-01",50.0000
"2018-01-02",30.0000
"2018-01-03",78.7500
"2018-01-04",44.6000
"2018-01-05",32.2000
"2018-01-06",28.6000
"2018-01-07",32.4000
"2018-01-08",57.8000
"2018-01-09",45.6000
"2018-01-10",57.8000
"2018-01-11",50.0000
"2018-01-12",51.8000
"2018-01-13",54.8000
"2018-01-14",52.8000
"2018-01-15",50.0000
"2018-01-16",47.2000
"2018-01-17",42.0000
"2018-01-18",44.7500
"2018-01-19",41.8000
"2018-01-20",35.8000
"2018-01-21",35.2000
"2018-01-22",34.2000
"2018-01-23",46.2000
"2018-01-24",51.2000
"2018-01-25",36.0000
"2018-01-26",37.4000
"2018-01-27",45.8000
"2018-01-28",42.4000
"2018-01-29",33.8000
"2018-01-30",28.0000
"2018-01-31",41.8000
"2018-07-01",125.4000
"2018-07-02",91.5000
"2018-07-03",111.8000
"2018-07-04",132.4000
"2018-07-05",90.6000
"2018-07-06",86.6000
"2018-07-07",90.7500
"2018-07-08",96.7500
"2018-07-09",91.2000
"2018-07-10",97.0000
"2018-07-11",97.0000
"2018-07-12",92.2000
"2018-07-13",86.2000
"2018-07-14",100.2000
"2018-07-15",101.6000
"2018-07-16",122.0000
"2018-07-17",117.2000
"2018-07-18",128.0000
"2018-07-19",114.6000
"2018-07-20",87.8000
"2018-07-21",96.4000
"2018-07-22",101.0000
"2018-07-23",122.0000
"2018-07-24",106.8000
"2018-07-25",99.0000
"2018-07-26",103.2000
"2018-07-27",119.0000
"2018-07-28",156.2000
"2018-07-29",130.2000
"2018-07-30",116.0000
"2018-07-31",105.6000
"2018-06-01",85.0000
"2018-06-02",73.2500
"2018-06-03",88.5000
"2018-06-04",76.0000
"2018-06-05",87.8000
"2018-06-06",91.0000
"2018-06-07",103.8000
"2018-06-08",97.6000
"2018-06-09",104.4000
"2018-06-10",148.2000
"2018-06-11",114.2000
"2018-06-12",104.0000
"2018-06-13",91.8000
"2018-06-14",84.0000
"2018-06-15",93.0000
"2018-06-16",90.0000
"2018-06-17",56.4000
"2018-06-18",62.0000
"2018-06-19",72.5000
"2018-06-20",74.7500
"2018-06-21",55.4000
"2018-06-22",62.8000
"2018-06-23",66.0000
"2018-06-24",72.8000
"2018-06-25",66.8000
"2018-06-26",74.6000
"2018-06-27",77.6000
"2018-06-28",86.0000
"2018-06-29",117.2000
"2018-06-30",108.5000
"2018-03-01",96.4000
"2018-03-02",113.0000
"2018-03-03",75.2000
"2018-03-04",134.6000
"2018-03-05",60.6000
"2018-03-06",74.4000
"2018-03-07",59.6000
"2018-03-08",71.0000
"2018-03-09",65.2000
"2018-03-10",49.0000
"2018-03-11",45.0000
"2018-03-12",38.8000
"2018-03-13",45.4000
"2018-03-14",65.6000
"2018-03-15",87.2000
"2018-03-16",112.8000
"2018-03-17",88.6000
"2018-03-18",116.2000
"2018-03-19",102.6000
"2018-03-20",136.4000
"2018-03-21",70.8000
"2018-03-22",38.4000
"2018-03-23",82.4000
"2018-03-24",60.6000
"2018-03-25",50.6000
"2018-03-26",63.8000
"2018-03-27",67.4000
"2018-03-28",103.6000
"2018-03-29",90.2000
"2018-03-30",75.2000
"2018-03-31",46.8000
"2018-05-01",78.0000
"2018-05-02",103.2000
"2018-05-03",103.2000
"2018-05-04",105.0000
"2018-05-05",79.4000
"2018-05-06",68.4000
"2018-05-07",64.0000
"2018-05-08",108.0000
"2018-05-09",94.8000
"2018-05-10",78.2000
"2018-05-11",70.4000
"2018-05-12",97.6000
"2018-05-13",91.2000
"2018-05-14",108.4000
"2018-05-15",99.4000
"2018-05-16",90.2000
"2018-05-17",65.6000
"2018-05-18",67.2000
"2018-05-19",76.4000
"2018-05-20",67.4000
"2018-05-21",90.6000
"2018-05-22",60.0000
"2018-05-23",57.2000
"2018-05-24",57.0000
"2018-05-25",65.4000
"2018-05-26",70.6000
"2018-05-27",98.2500
"2018-05-28",91.0000
"2018-05-29",85.0000
"2018-05-30",112.4000
"2018-05-31",112.4000
"2018-11-01",81.6000
"2018-11-02",64.0000
"2018-11-03",107.0000
"2018-11-04",87.2000
"2018-11-05",80.6000
"2018-11-06",84.0000
"2018-11-07",81.2000
"2018-11-08",73.2000
"2018-11-09",83.0000
"2018-11-10",101.4000
"2018-11-11",82.0000
"2018-11-12",81.0000
"2018-11-13",84.2000
"2018-11-14",50.0000
"2018-11-15",37.0000
"2018-11-16",117.0000
"2018-11-17",113.2000
"2018-11-18",84.8000
"2018-11-19",70.6000
"2018-11-20",84.0000
"2018-11-21",122.8000
"2018-11-22",79.8000
"2018-11-23",124.2000
"2018-11-24",108.6000
"2018-11-25",71.0000
"2018-11-26",72.6000
"2018-11-27",95.0000
"2018-11-28",79.6000
"2018-11-29",66.5000
"2018-11-30",104.2500
"2018-10-01",81.8000
"2018-10-02",72.0000
"2018-10-03",99.2000
"2018-10-04",76.2000
"2018-10-05",88.8000
"2018-10-06",79.2000
"2018-10-07",81.0000
"2018-10-08",94.8000
"2018-10-09",101.0000
"2018-10-10",110.4000
"2018-10-11",102.0000
"2018-10-12",87.2000
"2018-10-13",117.6000
"2018-10-14",104.2000
"2018-10-15",87.2000
"2018-10-16",128.0000
"2018-10-17",123.6000
"2018-10-18",134.4000
"2018-10-19",92.6000
"2018-10-20",126.0000
"2018-10-21",91.2000
"2018-10-22",87.4000
"2018-10-23",91.2000
"2018-10-24",99.0000
"2018-10-25",72.2000
"2018-10-26",85.2000
"2018-10-27",75.6000
"2018-10-28",64.0000
"2018-10-29",64.4000
"2018-10-30",67.0000
"2018-10-31",74.2000
"2018-09-01",100.0000
"2018-09-02",90.2000
"2018-09-03",106.6000
"2018-09-04",122.2000
"2018-09-05",99.0000
"2018-09-06",100.0000
"2018-09-07",95.6000
"2018-09-08",111.0000
"2018-09-09",86.2000
"2018-09-10",89.0000
"2018-09-11",76.4000
"2018-09-12",96.2000
"2018-09-13",115.2000
"2018-09-14",136.0000
"2018-09-15",140.0000
"2018-09-16",90.0000
"2018-09-17",66.0000
"2018-09-18",85.8000
"2018-09-19",59.4000
"2018-09-20",59.2000
"2018-09-21",58.0000
"2018-09-22",98.0000
"2018-09-23",84.2000
"2018-09-24",88.6000
"2018-09-25",120.0000
"2018-09-26",109.2000
"2018-09-27",97.0000
"2018-09-28",101.0000
"2018-09-29",102.0000
"2018-09-30",86.6000
"2018-12-01",81.0000
"2018-12-02",87.8000
"2018-12-03",81.4000
"2018-12-04",61.7500
"2018-12-05",69.7500
"2018-12-06",71.4000
"2018-12-07",94.2000
"2018-12-08",90.6000
"2018-12-09",82.6000
"2018-12-10",92.0000
"2018-12-11",100.0000
"2018-12-12",111.0000
"2018-12-13",80.2000
"2018-12-14",65.2000
"2018-12-15",34.4000
"2018-12-16",46.2500
"2018-12-17",83.2500
"2018-12-18",89.2000
"2018-12-19",114.6000
"2018-12-20",65.2000
"2018-12-21",45.8000
"2018-12-22",52.7500
"2018-12-23",43.6000
"2018-12-24",30.8000
"2018-12-25",37.6000
"2018-12-26",35.4000
"2018-12-27",46.0000
"2018-12-28",43.8000
"2018-12-29",37.0000
"2018-12-30",40.4000
"2018-12-31",36.6000
"2019-08-01",87.4000
"2019-08-02",82.8000
"2019-08-03",80.2000
"2019-08-04",70.8000
"2019-08-05",72.2000
"2019-08-06",110.8000
"2019-08-07",82.4000
"2019-08-08",103.6000
"2019-08-09",89.8000
"2019-08-10",82.2000
"2019-08-11",64.0000
"2019-08-12",63.6000
"2019-08-13",63.2000
"2019-08-14",62.8000
"2019-08-15",82.8000
"2019-08-16",112.2000
"2019-08-17",108.6000
"2019-08-18",78.8000
"2019-08-19",161.8000
"2019-08-20",129.4000
"2019-08-21",66.8000
"2019-08-22",74.0000
"2019-08-23",112.2000
"2019-08-24",108.6000
"2019-08-25",107.6000
"2019-08-26",123.8000
"2019-08-27",91.6000
"2019-08-28",83.0000
"2019-08-29",84.8000
"2019-08-30",72.8000
"2019-08-31",72.0000
"2019-04-01",108.0000
"2019-04-02",80.4000
"2019-04-03",81.0000
"2019-04-04",91.2000
"2019-04-05",65.0000
"2019-04-06",106.6000
"2019-04-07",126.2000
"2019-04-08",137.6000
"2019-04-09",96.2000
"2019-04-10",132.6000
"2019-04-11",104.2000
"2019-04-12",56.8000
"2019-04-13",54.2000
"2019-04-14",91.4000
"2019-04-15",85.8000
"2019-04-16",98.6000
"2019-04-17",65.8000
"2019-04-18",86.4000
"2019-04-19",47.4000
"2019-04-20",73.8000
"2019-04-21",66.6000
"2019-04-22",55.0000
"2019-04-23",59.4000
"2019-04-24",50.8000
"2019-04-25",71.2000
"2019-04-26",96.6000
"2019-04-27",63.8000
"2019-04-28",64.8000
"2019-04-29",82.6000
"2019-04-30",74.4000
"2019-12-01",92.2500
"2019-12-02",101.6000
"2019-12-03",80.5000
"2019-12-04",79.4000
"2019-12-05",82.4000
"2019-12-06",79.6000
"2019-12-07",55.8000
"2019-12-08",79.4000
"2019-12-09",100.4000
"2019-12-10",77.2000
"2019-12-11",156.2500
"2019-12-12",70.8000
"2019-12-13",93.8000
"2019-12-14",78.4000
"2019-12-15",84.0000
"2019-12-16",76.0000
"2019-12-17",60.8000
"2019-12-18",88.6000
"2019-12-19",76.6000
"2019-12-20",79.4000
"2019-12-21",86.6000
"2019-12-22",75.0000
"2019-12-23",71.8000
"2019-12-24",76.8000
"2019-12-25",60.4000
"2019-12-26",71.0000
"2019-12-27",72.0000
"2019-12-28",60.0000
"2019-12-29",61.7500
"2019-12-30",73.4000
"2019-12-31",49.0000
"2019-02-01",61.8000
"2019-02-02",60.6000
"2019-02-03",61.8000
"2019-02-04",57.2000
"2019-02-05",52.8000
"2019-02-06",50.2000
"2019-02-07",61.0000
"2019-02-08",86.6000
"2019-02-09",83.2000
"2019-02-10",65.0000
"2019-02-11",58.2500
"2019-02-12",61.2000
"2019-02-13",59.0000
"2019-02-14",70.0000
"2019-02-15",52.4000
"2019-02-16",65.6000
"2019-02-17",62.4000
"2019-02-18",66.0000
"2019-02-19",90.8000
"2019-02-20",64.4000
"2019-02-21",62.6000
"2019-02-22",62.2000
"2019-02-23",88.8000
"2019-02-24",75.0000
"2019-02-25",79.8000
"2019-02-26",64.8000
"2019-02-27",62.0000
"2019-02-28",64.2000
"2019-01-01",41.6000
"2019-01-02",43.8000
"2019-01-03",40.2000
"2019-01-04",46.2000
"2019-01-05",45.2000
"2019-01-06",79.2000
"2019-01-07",80.4000
"2019-01-08",101.0000
"2019-01-09",121.5000
"2019-01-10",85.4000
"2019-01-11",61.8000
"2019-01-12",58.6000
"2019-01-13",73.4000
"2019-01-14",63.6000
"2019-01-15",60.2000
"2019-01-16",44.0000
"2019-01-17",57.2000
"2019-01-18",50.4000
"2019-01-19",61.6000
"2019-01-20",66.6000
"2019-01-21",62.8000
"2019-01-22",47.8000
"2019-01-23",53.6000
"2019-01-24",50.8000
"2019-01-25",48.6000
"2019-01-26",66.2000
"2019-01-27",46.4000
"2019-01-28",52.2000
"2019-01-29",54.4000
"2019-01-30",52.4000
"2019-01-31",47.8000
"2019-07-01",80.0000
"2019-07-02",83.4000
"2019-07-03",76.6000
"2019-07-04",70.4000
"2019-07-05",75.6000
"2019-07-06",67.4000
"2019-07-07",56.4000
"2019-07-08",66.6000
"2019-07-09",82.8000
"2019-07-10",84.2500
"2019-07-11",65.8000
"2019-07-12",69.6667
"2019-07-13",118.6000
"2019-07-14",134.8000
"2019-07-15",67.6000
"2019-07-16",79.6000
"2019-07-17",86.8000
"2019-07-18",74.4000
"2019-07-19",62.2000
"2019-07-20",88.8000
"2019-07-21",84.8000
"2019-07-22",102.2000
"2019-07-23",74.8000
"2019-07-24",78.8000
"2019-07-25",97.8000
"2019-07-26",81.6000
"2019-07-27",75.4000
"2019-07-28",92.8000
"2019-07-29",92.0000
"2019-07-30",85.2000
"2019-07-31",81.2000
"2019-06-01",81.8000
"2019-06-02",89.8000
"2019-06-03",73.6000
"2019-06-04",71.0000
"2019-06-05",66.0000
"2019-06-06",55.2000
"2019-06-07",50.0000
"2019-06-08",72.2000
"2019-06-09",87.4000
"2019-06-10",73.8000
"2019-06-11",85.8000
"2019-06-12",92.4000
"2019-06-13",103.4000
"2019-06-14",76.8000
"2019-06-15",90.0000
"2019-06-16",89.0000
"2019-06-17",71.8000
"2019-06-18",62.6000
"2019-06-19",83.0000
"2019-06-20",87.8000
"2019-06-21",88.8000
"2019-06-22",115.4000
"2019-06-23",92.0000
"2019-06-24",86.2000
"2019-06-25",84.4000
"2019-06-26",74.2000
"2019-06-27",129.8000
"2019-06-28",98.2000
"2019-06-29",101.4000
"2019-06-30",73.2000
"2019-03-01",54.0000
"2019-03-02",48.4000
"2019-03-03",71.6000
"2019-03-04",76.2000
"2019-03-05",67.8000
"2019-03-06",49.0000
"2019-03-07",79.0000
"2019-03-08",92.4000
"2019-03-09",125.4000
"2019-03-10",103.8000
"2019-03-11",48.8000
"2019-03-12",41.2000
"2019-03-13",78.0000
"2019-03-14",101.0000
"2019-03-15",85.0000
"2019-03-16",72.2000
"2019-03-17",51.0000
"2019-03-18",45.2000
"2019-03-19",35.8000
"2019-03-20",44.4000
"2019-03-21",48.6000
"2019-03-22",45.2000
"2019-03-23",40.8000
"2019-03-24",38.0000
"2019-03-25",34.4000
"2019-03-26",65.0000
"2019-03-27",99.4000
"2019-03-28",83.4000
"2019-03-29",85.4000
"2019-03-30",96.2000
"2019-03-31",118.2000
"2019-05-01",62.0000
"2019-05-02",33.0000
"2019-05-03",75.8000
"2019-05-04",67.4000
"2019-05-05",76.2000
"2019-05-06",65.2000
"2019-05-07",71.0000
"2019-05-08",85.8000
"2019-05-09",84.8000
"2019-05-10",64.6000
"2019-05-11",52.2000
"2019-05-12",64.2000
"2019-05-13",70.0000
"2019-05-14",69.8000
"2019-05-15",68.4000
"2019-05-16",93.2000
"2019-05-17",82.8000
"2019-05-18",83.4000
"2019-05-19",92.8000
"2019-05-20",74.4000
"2019-05-21",80.8000
"2019-05-22",68.8000
"2019-05-23",67.6000
"2019-05-24",64.2000
"2019-05-25",74.6000
"2019-05-26",87.6000
"2019-05-27",81.4000
"2019-05-28",64.2000
"2019-05-29",68.0000
"2019-05-30",68.2000
"2019-05-31",67.0000
"2019-11-01",97.6000
"2019-11-02",66.0000
"2019-11-03",80.0000
"2019-11-04",99.6000
"2019-11-05",127.6000
"2019-11-06",124.6000
"2019-11-07",131.4000
"2019-11-08",133.0000
"2019-11-09",155.4000
"2019-11-10",126.4000
"2019-11-11",115.8000
"2019-11-12",100.5000
"2019-11-13",87.0000
"2019-11-14",65.8000
"2019-11-15",77.0000
"2019-11-16",72.4000
"2019-11-17",97.6000
"2019-11-18",106.8000
"2019-11-19",71.4000
"2019-11-20",109.0000
"2019-11-21",90.8000
"2019-11-22",87.2000
"2019-11-23",106.4000
"2019-11-24",103.6000
"2019-11-25",104.4000
"2019-11-26",90.4000
"2019-11-27",75.3333
"2019-11-28",87.8000
"2019-11-29",95.2000
"2019-11-30",80.0000
"2019-10-01",110.4000
"2019-10-02",104.0000
"2019-10-03",90.0000
"2019-10-04",105.8000
"2019-10-05",70.8000
"2019-10-06",108.2500
"2019-10-07",88.2500
"2019-10-08",93.4000
"2019-10-09",94.2000
"2019-10-10",116.2000
"2019-10-11",119.8000
"2019-10-12",104.8000
"2019-10-13",112.7500
"2019-10-14",103.0000
"2019-10-15",94.0000
"2019-10-16",115.4000
"2019-10-17",114.8000
"2019-10-18",79.6000
"2019-10-19",69.0000
"2019-10-20",96.0000
"2019-10-21",70.6000
"2019-10-22",89.2000
"2019-10-23",96.4000
"2019-10-24",99.4000
"2019-10-25",101.4000
"2019-10-26",117.4000
"2019-10-27",95.2000
"2019-10-28",85.2500
"2019-10-29",82.0000
"2019-10-30",123.4000
"2019-10-31",85.0000
"2019-09-01",79.0000
"2019-09-02",108.0000
"2019-09-03",105.8000
"2019-09-04",103.8000
"2019-09-05",92.4000
"2019-09-06",89.8000
"2019-09-07",82.0000
"2019-09-08",81.2000
"2019-09-09",84.4000
"2019-09-10",69.6000
"2019-09-11",98.4000
"2019-09-12",120.4000
"2019-09-13",111.4000
"2019-09-14",111.4000
"2019-09-15",78.6000
"2019-09-16",63.6000
"2019-09-17",66.4000
"2019-09-18",103.2000
"2019-09-19",71.8000
"2019-09-20",73.4000
"2019-09-21",125.0000
"2019-09-22",112.6000
"2019-09-23",71.4000
"2019-09-24",77.0000
"2019-09-25",121.5000
"2019-09-26",77.0000
"2019-09-27",84.0000
"2019-09-28",78.4000
"2019-09-29",88.6000
"2019-09-30",89.2000
"2020-08-01",96.2500
"2020-08-02",87.6000
"2020-08-03",84.4000
"2020-08-04",76.4000
"2020-08-05",77.8000
"2020-08-06",88.2000
"2020-08-07",89.6000
"2020-08-08",69.6000
"2020-08-09",69.6000
"2020-08-10",69.8000
"2020-08-11",71.2000
"2020-08-12",73.6000
"2020-08-13",60.0000
"2020-08-14",49.4000
"2020-08-15",50.0000
"2020-08-16",58.8000
"2020-08-17",55.6000
"2020-08-18",76.0000
"2020-08-19",72.4000
"2020-08-20",57.8000
"2020-08-21",56.8000
"2020-08-22",64.8000
"2020-08-23",74.4000
"2020-08-24",65.0000
"2020-08-25",66.0000
"2020-08-26",72.6000
"2020-08-27",65.8000
"2020-08-28",68.0000
"2020-08-29",64.6000
"2020-08-30",70.2000
"2020-08-31",91.0000
"2020-04-01",87.6000
"2020-04-02",49.0000
"2020-04-03",50.0000
"2020-04-04",64.6000
"2020-04-05",82.4000
"2020-04-06",57.0000
"2020-04-07",44.0000
"2020-04-08",50.6000
"2020-04-09",55.4000
"2020-04-10",93.6000
"2020-04-11",104.0000
"2020-04-12",95.4000
"2020-04-13",65.2000
"2020-04-14",72.4000
"2020-04-15",68.8000
"2020-04-16",60.2000
"2020-04-17",72.4000
"2020-04-18",82.2000
"2020-04-19",100.4000
"2020-04-20",86.4000
"2020-04-21",57.0000
"2020-04-22",81.0000
"2020-04-23",62.4000
"2020-04-24",56.0000
"2020-04-25",60.0000
"2020-04-26",73.2000
"2020-04-27",83.0000
"2020-04-28",68.4000
"2020-04-29",67.8000
"2020-04-30",71.6000
"2020-12-01",42.8000
"2020-12-02",52.0000
"2020-12-03",56.8000
"2020-12-04",57.8000
"2020-12-05",42.2000
"2020-12-06",43.6000
"2020-12-07",37.2000
"2020-12-08",44.0000
"2020-12-09",41.2000
"2020-12-10",42.2000
"2020-12-11",45.4000
"2020-12-12",41.2000
"2020-12-13",40.7500
"2020-12-14",42.0000
"2020-12-15",46.2000
"2020-12-16",40.6000
"2020-12-17",42.0000
"2020-12-18",39.2000
"2020-12-19",44.2000
"2020-12-20",43.0000
"2020-12-21",29.4000
"2020-12-22",45.0000
"2020-12-23",63.4000
"2020-12-24",55.2000
"2020-12-25",38.0000
"2020-12-26",40.0000
"2020-12-27",45.4000
"2020-12-28",42.8000
"2020-12-29",32.0000
"2020-12-30",35.6000
"2020-12-31",40.8000
"2020-02-01",50.6000
"2020-02-02",46.8000
"2020-02-03",49.6000
"2020-02-04",42.4000
"2020-02-05",54.0000
"2020-02-06",55.4000
"2020-02-07",52.7500
"2020-02-08",52.6000
"2020-02-09",44.2000
"2020-02-10",64.2000
"2020-02-11",66.2000
"2020-02-12",95.4000
"2020-02-13",61.4000
"2020-02-14",62.2500
"2020-02-15",100.0000
"2020-02-16",71.4000
"2020-02-17",71.4000
"2020-02-18",85.4000
"2020-02-19",48.0000
"2020-02-20",49.2000
"2020-02-21",45.8000
"2020-02-22",58.8000
"2020-02-23",45.8000
"2020-02-24",51.0000
"2020-02-25",55.0000
"2020-02-26",53.2000
"2020-02-27",51.6000
"2020-02-28",68.4000
"2020-02-29",78.6000
"2020-01-01",39.2000
"2020-01-02",51.2000
"2020-01-03",50.2000
"2020-01-04",54.0000
"2020-01-05",49.6000
"2020-01-06",56.4000
"2020-01-07",50.2000
"2020-01-08",52.2000
"2020-01-09",67.2000
"2020-01-10",39.4000
"2020-01-11",45.4000
"2020-01-12",39.4000
"2020-01-13",43.2000
"2020-01-14",39.4000
"2020-01-15",47.8000
"2020-01-16",64.8000
"2020-01-17",100.4000
"2020-01-18",53.6000
"2020-01-19",86.6000
"2020-01-20",53.2000
"2020-01-21",47.6000
"2020-01-22",61.0000
"2020-01-23",50.8000
"2020-01-24",53.2000
"2020-01-25",43.6000
"2020-01-26",74.0000
"2020-01-27",66.2000
"2020-01-28",63.4000
"2020-01-29",72.0000
"2020-01-30",56.8000
"2020-01-31",50.6000
"2020-07-01",76.4000
"2020-07-02",71.8000
"2020-07-03",62.4000
"2020-07-04",68.8000
"2020-07-05",61.4000
"2020-07-06",63.2000
"2020-07-07",58.0000
"2020-07-08",74.4000
"2020-07-09",82.2000
"2020-07-10",98.6000
"2020-07-11",87.2000
"2020-07-12",70.2000
"2020-07-13",64.0000
"2020-07-14",59.0000
"2020-07-15",58.2000
"2020-07-16",51.4000
"2020-07-17",62.0000
"2020-07-18",70.6000
"2020-07-19",76.2000
"2020-07-20",71.2500
"2020-07-21",77.2000
"2020-07-22",65.0000
"2020-07-23",84.2000
"2020-07-24",79.6000
"2020-07-25",73.6000
"2020-07-26",64.6000
"2020-07-27",69.8000
"2020-07-28",107.0000
"2020-07-29",118.6000
"2020-07-30",105.6000
"2020-07-31",81.0000
"2020-06-01",50.0000
"2020-06-02",44.0000
"2020-06-03",41.0000
"2020-06-04",45.0000
"2020-06-05",60.0000
"2020-06-06",68.4417
"2020-06-07",95.0000
"2020-06-08",56.0000
"2020-06-09",61.0000
"2020-06-10",61.0000
"2020-06-11",79.0000
"2020-06-12",97.0000
"2020-06-13",99.0000
"2020-06-14",97.0000
"2020-06-15",95.0000
"2020-06-16",59.0000
"2020-06-17",73.0000
"2020-06-18",79.0000
"2020-06-19",75.0000
"2020-06-20",92.0000
"2020-06-21",90.0000
"2020-06-22",65.0000
"2020-06-23",69.0000
"2020-06-24",85.0000
"2020-06-25",85.0000
"2020-06-26",97.0000
"2020-06-27",64.0000
"2020-06-28",71.0000
"2020-06-29",90.0000
"2020-06-30",86.0000
"2020-03-01",87.0000
"2020-03-02",87.0000
"2020-03-03",88.8000
"2020-03-04",113.0000
"2020-03-05",56.0000
"2020-03-06",62.2000
"2020-03-07",55.2000
"2020-03-08",60.6000
"2020-03-09",48.2000
"2020-03-10",43.8000
"2020-03-11",62.7500
"2020-03-12",58.5000
"2020-03-13",67.8000
"2020-03-14",138.4000
"2020-03-15",85.6000
"2020-03-16",84.6000
"2020-03-17",91.0000
"2020-03-18",75.8000
"2020-03-19",71.8000
"2020-03-20",71.2000
"2020-03-21",59.6000
"2020-03-22",51.8000
"2020-03-23",90.0000
"2020-03-24",74.4000
"2020-03-25",81.2000
"2020-03-26",58.6000
"2020-03-27",76.4000
"2020-03-28",106.2000
"2020-03-29",78.4000
"2020-03-30",76.8000
"2020-03-31",77.0000
"2020-05-01",57.6000
"2020-05-02",48.4000
"2020-05-03",56.6000
"2020-05-04",50.6000
"2020-05-05",51.8000
"2020-05-06",47.4000
"2020-05-07",62.8000
"2020-05-08",80.2000
"2020-05-09",63.8000
"2020-05-10",68.8000
"2020-05-11",61.6000
"2020-05-12",63.6000
"2020-05-13",61.8000
"2020-05-14",61.0000
"2020-05-15",62.6000
"2020-05-16",65.0000
"2020-05-17",86.0000
"2020-05-18",66.6000
"2020-05-19",74.2000
"2020-05-20",63.8000
"2020-05-21",58.4000
"2020-05-22",66.6000
"2020-05-23",60.8000
"2020-05-24",57.4000
"2020-05-25",36.8000
"2020-05-26",41.8000
"2020-05-27",72.4000
"2020-05-28",99.0000
"2020-05-29",86.8000
"2020-05-30",60.0000
"2020-05-31",56.0000
"2020-11-01",28.2000
"2020-11-02",18.6000
"2020-11-03",35.6000
"2020-11-04",50.8000
"2020-11-05",36.4000
"2020-11-06",41.4000
"2020-11-07",40.4000
"2020-11-08",33.8000
"2020-11-09",48.4000
"2020-11-10",40.6000
"2020-11-11",47.0000
"2020-11-12",33.6000
"2020-11-13",28.0000
"2020-11-14",48.6000
"2020-11-15",29.0000
"2020-11-16",32.2000
"2020-11-17",39.6000
"2020-11-18",43.8000
"2020-11-19",48.2000
"2020-11-20",28.8000
"2020-11-21",32.4000
"2020-11-22",31.0000
"2020-11-23",36.6000
"2020-11-24",32.4000
"2020-11-25",28.4000
"2020-11-26",40.0000
"2020-11-27",32.8000
"2020-11-28",38.6000
"2020-11-29",23.6000
"2020-11-30",16.2000
"2020-10-01",47.4000
"2020-10-02",49.2000
"2020-10-03",48.2000
"2020-10-04",53.8000
"2020-10-05",60.6000
"2020-10-06",52.8000
"2020-10-07",51.4000
"2020-10-08",61.4000
"2020-10-09",55.4000
"2020-10-10",45.6000
"2020-10-11",52.2000
"2020-10-12",73.7500
"2020-10-13",59.6000
"2020-10-14",56.0000
"2020-10-15",58.8000
"2020-10-16",57.2000
"2020-10-17",52.0000
"2020-10-18",47.4000
"2020-10-19",49.2000
"2020-10-20",50.8000
"2020-10-21",46.2500
"2020-10-22",43.8000
"2020-10-23",31.4000
"2020-10-24",54.8000
"2020-10-25",45.0000
"2020-10-26",52.8000
"2020-10-27",49.2000
"2020-10-28",48.8000
"2020-10-29",42.0000
"2020-10-30",42.2000
"2020-10-31",38.4000
"2020-09-01",85.0000
"2020-09-02",96.6000
"2020-09-03",88.0000
"2020-09-04",69.8000
"2020-09-05",106.4000
"2020-09-06",111.0000
"2020-09-07",95.6000
"2020-09-08",82.4000
"2020-09-09",82.6000
"2020-09-10",96.2000
"2020-09-11",100.0000
"2020-09-12",109.4000
"2020-09-13",102.4000
"2020-09-14",86.0000
"2020-09-15",83.6000
"2020-09-16",92.2000
"2020-09-17",78.6000
"2020-09-18",74.4000
"2020-09-19",92.0000
"2020-09-20",63.0000
"2020-09-21",78.2000
"2020-09-22",74.2000
"2020-09-23",110.0000
"2020-09-24",106.7500
"2020-09-25",97.6000
"2020-09-26",103.4000
"2020-09-27",89.6000
"2020-09-28",77.6000
"2020-09-29",88.7500
"2020-09-30",78.5000
"2021-08-01",73.0000
"2021-08-02",70.6000
"2021-08-03",80.6000
"2021-08-04",80.4000
"2021-08-05",79.0000
"2021-08-06",89.8000
"2021-08-07",81.2000
"2021-08-08",79.2000
"2021-08-09",67.8000
"2021-08-10",55.8000
"2021-08-11",87.6000
"2021-08-12",82.6000
"2021-08-13",89.2000
"2021-08-14",100.4000
"2021-08-15",88.2000
"2021-08-16",80.6000
"2021-08-17",88.2000
"2021-08-18",88.2000
"2021-08-19",103.8000
"2021-08-20",90.2000
"2021-08-21",84.2000
"2021-08-22",99.4000
"2021-08-23",91.4000
"2021-08-24",99.0000
"2021-08-25",93.8000
"2021-08-26",86.0000
"2021-08-27",94.4000
"2021-08-28",102.8000
"2021-08-29",98.6000
"2021-08-30",115.0000
"2021-08-31",89.4000
"2021-04-01",44.0000
"2021-04-02",60.2000
"2021-04-03",53.0000
"2021-04-04",93.2000
"2021-04-05",75.8000
"2021-04-06",54.2000
"2021-04-07",43.6000
"2021-04-08",54.8000
"2021-04-09",69.8000
"2021-04-10",79.0000
"2021-04-11",82.4000
"2021-04-12",82.6000
"2021-04-13",74.2000
"2021-04-14",75.4000
"2021-04-15",80.6000
"2021-04-16",84.0000
"2021-04-17",105.2500
"2021-04-18",84.0000
"2021-04-19",98.6000
"2021-04-20",86.0000
"2021-04-21",97.8000
"2021-04-22",90.2000
"2021-04-23",104.6000
"2021-04-24",96.8000
"2021-04-25",97.6000
"2021-04-26",89.8000
"2021-04-27",105.6000
"2021-04-28",82.6000
"2021-04-29",69.2000
"2021-04-30",79.4000
"2021-12-01",71.8000
"2021-12-02",47.4000
"2021-12-03",59.2000
"2021-12-04",59.2000
"2021-12-05",67.8000
"2021-12-06",85.6000
"2021-12-07",71.8000
"2021-12-08",67.0000
"2021-12-09",55.0000
"2021-12-10",62.8000
"2021-12-11",52.6000
"2021-12-12",60.5000
"2021-12-13",53.0000
"2021-12-14",60.4000
"2021-12-15",86.4000
"2021-12-16",90.0000
"2021-12-17",71.8000
"2021-12-18",63.4000
"2021-12-19",90.6000
"2021-12-20",71.0000
"2021-12-21",71.0000
"2021-12-22",89.8000
"2021-12-23",88.2000
"2021-12-24",57.2000
"2021-12-25",76.2000
"2021-12-26",59.0000
"2021-12-27",90.0000
"2021-12-28",72.8000
"2021-12-29",59.4000
"2021-12-30",74.4000
"2021-12-31",82.2000
"2021-02-01",100.5000
"2021-02-02",57.0000
"2021-02-03",44.0000
"2021-02-04",53.8000
"2021-02-05",44.2000
"2021-02-06",45.2000
"2021-02-07",43.2000
"2021-02-08",41.4000
"2021-02-09",51.4000
"2021-02-10",52.2000
"2021-02-11",48.6000
"2021-02-12",68.4000
"2021-02-13",58.0000
"2021-02-14",58.2000
"2021-02-15",56.6000
"2021-02-16",43.8000
"2021-02-17",64.4000
"2021-02-18",60.8000
"2021-02-19",49.2000
"2021-02-20",53.0000
"2021-02-21",47.4000
"2021-02-22",85.2000
"2021-02-23",75.0000
"2021-02-24",45.7500
"2021-02-25",48.8000
"2021-02-26",55.4000
"2021-02-27",73.8000
"2021-02-28",84.0000
"2021-01-01",50.4000
"2021-01-02",67.2000
"2021-01-03",70.2000
"2021-01-04",53.6000
"2021-01-05",62.4000
"2021-01-06",68.6000
"2021-01-07",52.4000
"2021-01-08",56.0000
"2021-01-09",64.8000
"2021-01-10",39.4000
"2021-01-11",57.0000
"2021-01-12",53.4000
"2021-01-13",44.4000
"2021-01-14",54.8000
"2021-01-15",63.4000
"2021-01-16",64.0000
"2021-01-17",66.8000
"2021-01-18",52.4000
"2021-01-19",44.2000
"2021-01-20",48.0000
"2021-01-21",55.2000
"2021-01-22",68.2000
"2021-01-23",102.2000
"2021-01-24",60.5000
"2021-01-25",94.5000
"2021-01-26",67.8000
"2021-01-27",33.0000
"2021-01-28",39.2000
"2021-01-29",46.8000
"2021-01-30",41.2000
"2021-01-31",43.2000
"2021-07-01",90.2000
"2021-07-02",86.6000
"2021-07-03",109.8000
"2021-07-04",130.0000
"2021-07-05",118.0000
"2021-07-06",87.0000
"2021-07-07",106.8000
"2021-07-08",113.6000
"2021-07-09",121.8000
"2021-07-10",100.2000
"2021-07-11",78.8000
"2021-07-12",57.7500
"2021-07-13",105.6000
"2021-07-14",87.2000
"2021-07-15",127.0000
"2021-07-16",117.4000
"2021-07-17",100.8000
"2021-07-18",117.8000
"2021-07-19",113.0000
"2021-07-20",116.4000
"2021-07-21",80.2000
"2021-07-22",86.4000
"2021-07-23",84.2000
"2021-07-24",86.8000
"2021-07-25",120.2000
"2021-07-26",110.8000
"2021-07-27",109.8000
"2021-07-28",122.8000
"2021-07-29",105.0000
"2021-07-30",114.4000
"2021-07-31",74.8000
"2021-06-01",94.6000
"2021-06-02",89.8000
"2021-06-03",85.2000
"2021-06-04",89.6000
"2021-06-05",80.0000
"2021-06-06",81.0000
"2021-06-07",74.4000
"2021-06-08",91.0000
"2021-06-09",89.2000
"2021-06-10",100.2000
"2021-06-11",87.8000
"2021-06-12",83.0000
"2021-06-13",74.2000
"2021-06-14",92.4000
"2021-06-15",98.0000
"2021-06-16",86.6000
"2021-06-17",91.0000
"2021-06-18",94.4000
"2021-06-19",84.6000
"2021-06-20",118.2000
"2021-06-21",72.2000
"2021-06-22",67.4000
"2021-06-23",93.8000
"2021-06-24",104.2000
"2021-06-25",113.8000
"2021-06-26",82.6000
"2021-06-27",110.4000
"2021-06-28",93.8000
"2021-06-29",103.8000
"2021-06-30",101.8000
"2021-03-01",75.8000
"2021-03-02",66.6000
"2021-03-03",71.4000
"2021-03-04",83.5000
"2021-03-05",76.2000
"2021-03-06",85.0000
"2021-03-07",94.0000
"2021-03-08",70.6000
"2021-03-09",57.0000
"2021-03-10",83.0000
"2021-03-11",46.2000
"2021-03-12",74.0000
"2021-03-13",64.6000
"2021-03-14",67.0000
"2021-03-15",77.4000
"2021-03-16",89.0000
"2021-03-17",109.2000
"2021-03-18",109.6000
"2021-03-19",91.0000
"2021-03-20",93.4000
"2021-03-21",75.6000
"2021-03-22",73.2000
"2021-03-23",61.4000
"2021-03-24",56.2000
"2021-03-25",56.6000
"2021-03-26",77.4000
"2021-03-27",80.2000
"2021-03-28",73.4000
"2021-03-29",78.2000
"2021-03-30",68.8000
"2021-03-31",60.4000
"2021-05-01",83.0000
"2021-05-02",75.0000
"2021-05-03",78.2000
"2021-05-04",91.4000
"2021-05-05",94.8000
"2021-05-06",69.4000
"2021-05-07",92.8000
"2021-05-08",77.0000
"2021-05-09",60.0000
"2021-05-10",72.6000
"2021-05-11",91.0000
"2021-05-12",90.0000
"2021-05-13",108.6000
"2021-05-14",75.2000
"2021-05-15",76.6000
"2021-05-16",69.2000
"2021-05-17",69.8000
"2021-05-18",56.0000
"2021-05-19",82.6000
"2021-05-20",87.4000
"2021-05-21",82.0000
"2021-05-22",83.4000
"2021-05-23",97.8000
"2021-05-24",112.4000
"2021-05-25",64.8000
"2021-05-26",82.8000
"2021-05-27",69.0000
"2021-05-28",81.4000
"2021-05-29",77.8000
"2021-05-30",61.8000
"2021-05-31",77.2000
"2021-11-01",83.7500
"2021-11-02",69.0000
"2021-11-03",65.8000
"2021-11-04",86.4000
"2021-11-05",82.4000
"2021-11-06",77.4000
"2021-11-07",63.8000
"2021-11-08",62.2000
"2021-11-09",89.2000
"2021-11-10",68.2000
"2021-11-11",61.4000
"2021-11-12",56.8000
"2021-11-13",74.0000
"2021-11-14",59.8000
"2021-11-15",49.2000
"2021-11-16",59.8000
"2021-11-17",78.6000
"2021-11-18",81.4000
"2021-11-19",39.6000
"2021-11-20",51.0000
"2021-11-21",63.0000
"2021-11-22",40.4000
"2021-11-23",39.8000
"2021-11-24",47.4000
"2021-11-25",69.0000
"2021-11-26",66.4000
"2021-11-27",43.0000
"2021-11-28",36.0000
"2021-11-29",40.6000
"2021-11-30",51.6000
"2021-10-01",83.4000
"2021-10-02",106.2000
"2021-10-03",85.0000
"2021-10-04",87.8000
"2021-10-05",77.5000
"2021-10-06",83.6000
"2021-10-07",67.2000
"2021-10-08",85.2500
"2021-10-09",73.2000
"2021-10-10",84.0000
"2021-10-11",89.4000
"2021-10-12",87.6000
"2021-10-13",74.8000
"2021-10-14",101.0000
"2021-10-15",117.0000
"2021-10-16",103.2000
"2021-10-17",97.0000
"2021-10-18",68.4000
"2021-10-19",68.6000
"2021-10-20",68.4000
"2021-10-21",65.0000
"2021-10-22",101.4000
"2021-10-23",90.8000
"2021-10-24",97.8000
"2021-10-25",98.0000
"2021-10-26",90.8000
"2021-10-27",78.4000
"2021-10-28",70.8000
"2021-10-29",69.0000
"2021-10-30",77.2000
"2021-10-31",69.4000
"2021-09-01",97.2000
"2021-09-02",97.4000
"2021-09-03",91.6000
"2021-09-04",82.0000
"2021-09-05",97.4000
"2021-09-06",98.2000
"2021-09-07",76.8000
"2021-09-08",85.8000
"2021-09-09",72.4000
"2021-09-10",73.4000
"2021-09-11",97.6000
"2021-09-12",87.0000
"2021-09-13",71.6000
"2021-09-14",48.2000
"2021-09-15",89.2000
"2021-09-16",70.2000
"2021-09-17",69.8000
"2021-09-18",80.4000
"2021-09-19",78.7500
"2021-09-20",68.5000
"2021-09-21",84.0000
"2021-09-22",87.4000
"2021-09-23",88.0000
"2021-09-24",81.8000
"2021-09-25",77.8000
"2021-09-26",77.0000
"2021-09-27",77.4000
"2021-09-28",63.2000
"2021-09-29",81.4000
"2021-09-30",98.2000
